题号,题干,A,B,C,D,E,答案,难度,题型
68926,马克思主义理论从广义上说是（）,马克思和恩格斯创立的基本理论、基本观点和基本方法构成的科学体系,无产阶级争取自身解放和整个人类解放的学说体系,关于无产阶级斗争的性质、目的和解放条件的学说,不仅指马克思恩格斯创立的基本理论、基本观点和学说的体系，也包括继承者对它的发展。,,D,易,单选题
68928,马克思主义产生的经济根源是（）,阶级斗争,资本主义社会生产力和生产关系的矛盾运动,资本主义经济危机,工业革命,,B,易,单选题
68929,马克思和恩格斯进一步发展和完善了英国古典经济学理论是（）,辩证法,历史观,剩余价值论,劳动价值论,,D,易,单选题
68930,马克思把黑格尔的辩证法称为（）,合理内核,核心,基本内核,精髓,,A,易,单选题
68931,在第一次世界大战中成为东西方矛盾焦点和帝国主义政治体系最薄弱环节的国家是（）,中国,俄国,奥地利,德国,,B,易,单选题
68932,“哲学把无产阶级当作自己的物质武器，同样，无产阶级把哲学当作自己的精神武器”，这个论断的含义是（）,无产阶级的存在方式是精神,哲学的存在方式是物质,马克思主义是无产阶级的世界观和方法论,无产阶级掌握哲学就由自为阶级转变为自在阶级,,C,易,单选题
68933,马克思主义生命力的根源在于（）,科学性,以实践为基础的科学性与革命性的统一,科学性与阶级性的统一,与时俱进,,B,易,单选题
68934,马克思主义最重要的理论品质是（）,科学严谨,吐故纳新,与时俱进,博大精深,,C,易,单选题
68935,马克思主义最崇高的社会理想（）,实现共产主义,实现个人的绝对自由,消灭阶级、消灭国家,实现人权,,A,易,单选题
68937,人类进入21世纪，英国广播公司(BBS)在全球范围内进行“千年思想家”网评，名列榜首的是 (    ),牛顿,达尔文,马克思,爱因斯坦,,C,易,单选题
68939,马克思主义公开问世的标志性著作是( ),《共产党宣言》,《政治经济学批判》和《资本论》,《反杜林论》和《家庭、私有制和菌象的起源》,《关于费尔巴哈的提纲》和《德意志意识形态》,,A,易,单选题
68940,马克思主义的革命性与科学性统一的基础是（）,战斗性,逻辑性,实践性,理论性,,C,易,单选题
68941,就理想的内容来划分，有生活理想、职业理想、道德理想、社会理想等。其中全部理想的核心是（）,职业理想,生活理想,道德理想,社会理想,,D,易,单选题
68946,恩格斯认为，全部哲学、特别是近代哲学的重大的基本问题是（）,人与周围世界的基本联系问题,关于人的本质问题,哲学与人类生存活动之间的内在联系问题,思维和存在的关系问题,,D,易,单选题
68947,对哲学基本问题第一方面的不同回答是划分（）的标准,唯物主义和唯心主义,可知论与不可知论,一元论和二元论,辩证法和形而上学,,A,易,单选题
68948,马克思主义认为，世界的真正统一性在于它的（）,运动性,客观性,实践性,物质性,,D,易,单选题
68949,“坐地日行八万里，巡天遥看一千河”，这一著名诗句包含的哲理是（）,物质运动的客观性和时空的主观性的统一,运动的绝对性和静止的相对性的统一,物质运动无限性和有限性的统一,时空的无限性和有限性的统一,,B,易,单选题
68950,“旧唯物主义是半截子的唯物主义”，这是指（）,旧唯物主义是割裂了运动与静止的辩证法,旧唯物主义是形而上学的唯物主义,旧唯物主义是机械唯物主义,旧唯物主义在社会历史观上是唯心主义,,D,易,单选题
68951,对于同一事物，不同的人有不同的反映，这说明（）,意识是主体的自由创造,意识受主体状况的影响,意识不受客体影响,意识的内容是主观的,,B,易,单选题
68952,从解决哲学基本问题的角度看，物质的惟一特性是（）,运动性,客观实在性,不可分性,时空性,,B,易,单选题
68956,唯物主义和唯心主义在世界统一性问题上的根本分歧是（）,认为世界统一于物质还是统一于精神,认为世界统一于运动还是统一于静止,肯定世界的统一性还是否认世界的统一性,认为世界统一于主体还是统一于客体,,A,易,单选题
68957,相对静止是指（）,事物绝对不动,事物运动的特殊状态,事物永恒不变,事物运动的普遍状态,,B,易,单选题
68958,时间和空间是（）,物质运动的根本原因,物质的根本属性,物质运动的存在方式,物质的唯一特性,,C,易,单选题
68959,列宁对辩证唯物主义物质范畴的定义是通过（）,一般和个别的关系界定的,主体和客体的关系界定的,哲学与具体科学的关系界定的,物质和意识的关系界定的,,D,易,单选题
68960,人工智能的出现对马克思主义哲学意识论的意义是（）,肯定了人工智能可以代替意识的能动活动,否定了物质对意识的决定作用,丰富了物质和意识相互关系的内容,改变了人类意识活动的规律性,,C,易,单选题
68962,唯物主义哲学发展的三个基本历史形态是（）,机械唯物主义、形而上学唯物主义、辩证唯物主义,古代朴素唯物主义、形而上学唯物主义、辩证唯物主义,形而上学唯物主义、庸俗唯物主义、辩证唯物主义,奴隶社会时期的唯物主义、封建社会时期的唯物主义、资本主义时期的唯物主义,,B,易,单选题
68963,实践是指（）,个人的生活活动,人有目的的、达到真理性的认识活动,一切有利于自己的活动,人们能动地改造和探索现实世界的社会性的客观物质活动,,D,易,单选题
68966,哲学上的一元论就是承认(),世界是发展的,世界在本质上是精神的,世界是统一的,世界是物质的,,C,易,单选题
68967,否认思维和存在有同一性的哲学是（）,不可知论,唯心主义,诡辩论,二元论,,A,易,单选题
68968,火是万物本原的观点是属于（）,自发的或朴素的唯物主义的观点,唯心主义的观点,机械唯物主义的观点,主观唯心主义的观点,,A,易,单选题
68969,"《国语·郑语》写道：""先主以土与金木水火杂，以成百物""；朱熹提出：""未有天地之先，毕竟是先有理""这是()",古代朴素唯物主义与客观唯心主义两种不同观点,古代唯物主义之中两种不同派别的观点,主观唯心主义和客观唯心主义两种不同观点,古代朴素唯物主义和主观唯心主义两种不同观点,,A,易,单选题
68970,唯心主义的两种基本形式是（）,形而上学唯心主义和辩证法的唯心主义,教条主义和经验主义,主观唯心主义和客观唯心主义,古典唯心主义和现代唯心主义,,C,易,单选题
68971,主观唯心主义和客观唯心主义的区别是(),前者认为人的主观精神决定世界，后者认为世界是某种客观精神创造的,前者强调主观能动性，后者强调客观规律性,前者是完全错误的，后者有一定的合理性,前者认为人是第一性的，后者认为自然界是第一性的,,A,易,单选题
68972,划分唯物主义和唯心主义的唯一标准，是如何回答(),世界的统一性问题,思维和存在何者为第一性的问题,世界的运动和发展问题,世界的可知性问题,,B,易,单选题
68974,正确发挥意识能动作用的客观前提是(),要有旺盛的革命热情,把世界的万物之源归结为主观精神,正确反映客观规律,充分集体主义精神,,C,易,单选题
68975,意识的能动性表现在，意识能够(),反映客观世界,通过实践改造客观世界,创造客观规律,改造历史规律,,B,易,单选题
68976,"“观念的东西不外是移入人脑并在人脑中改造过的物质的东西而已”,这是()",形而上学唯物主义观点,唯心主义辩证法观点,唯心主义观点,辩证唯物主义观点,,D,易,单选题
68977,辩证唯物主义认为意识的本质是指(),意识是人脑对客观世界的反映,意识是自然界长期发展的产物,意识是人脑分泌的特殊物质,意识是社会的产物,,A,易,单选题
68978,物质与意识的辨证关系是（）,意识决定物质，物质对意识有反作用,物质决定意识，意识决定人脑,物质决定意识，意识对物质有反作用,物质决定意识，意识创造物质,,C,易,单选题
68979,物质运动形式之间的相互转化是一种(),偶然现象,暂时现象,特殊现象,普遍现象,,D,易,单选题
68981,设想没有运动的物质是一种(),形而上学观点,相对主义观点,庸俗进化论观点,唯心主义观点,,A,易,单选题
68983,动中有静，静中有动，说明(),运动是物质的运动,物质是运动的物质,运动与静止是辨证统一的,唯物主义和辩证法的统一,,C,易,单选题
68984,从动物心理发展为人类意识，起决定作用的是（）,生产劳动,文明的发展,语言的产生,人脑的形成,,A,易,单选题
68986,我国明朝王守仁提出“心外无物”，这种观点属于(),经验主义观点,形而上学观点,主观唯心主义观点,客观唯心主义观点,,C,易,单选题
68987,辩证唯物主义认为事物发展的规律是（ ）,事物联系和发展的基本环节,事物内在的、本质的、稳固的联系,思维对事物本质的概括和反映,用来整理感性材料的思维形式,,B,易,单选题
68988,“一切以条件、地点和事件为转移”，这是（ ）,唯物辩证法关于普遍联系的观点,取消了人的主观能动性的观点,机械唯物论的观点,夸大了客观条件作用的观点,,A,易,单选题
68989,世界上的事物千差万别，其根据是（ ）,矛盾的特殊性,矛盾的普遍性,矛盾的同一性,矛盾的斗争性,,A,易,单选题
68990,唯物辩证法的总特征是（ ）,唯物的观点和辩证的观点,运动和静止相统一的观点,理论和实践相结合的观点,联系的观点和发展的观点,,D,易,单选题
68991,把同质事物相互区别开来的依据是（ ）,事物的特殊矛盾,事物的量的规定性,事物转化的关节点,事物的各种属性,,B,易,单选题
68992,在生活和工作中，凡事都要掌握分寸，坚持适度原则，防止“过”和“不及”。这在哲学上符合（ ）,量和质相统一的原理,内因和外因相结合的原理,内容和形式相互作用的原理,理论和实践相统一的原理,,A,易,单选题
68993,区分量变和质变的根本标志是（ ）,事物的变化是否顺利和显著,事物变化持续时间的长短,事物量的变化是否超出度的范围,事物的质变是否引起了新的量变,,C,易,单选题
68994,“千里之行，始于足下”一语说明（ ）,量变与质变具有本质差别,掌握事物的属性具有重要意义,量变是质变的必要准备,掌握事物的度具有重要意义,,C,易,单选题
68995,按照唯物辩证法的观点，资本主义社会从自由竞争到垄断阶段的变化是（ ）,单纯的量变,总的量变过程中的部分质变,质变过程中的量的扩张,根本性的质变,,B,易,单选题
68996,事物发展的基本方向是由（ ）,内因通过外因决定的,内因决定的,矛盾的同一性决定的,矛盾的斗争性决定的,,B,易,单选题
68997,以下所列属于两点论和重点论相统一的观点是（ ）,统筹兼顾，抓住关键,四面出击,四平八稳,调和折衷,,A,易,单选题
68998,矛盾范畴所包含的两种基本属性是（ ）,普遍性和特殊性,平衡性和不平衡性,对抗性和非对抗性,同一性和斗争性,,D,易,单选题
68999,唯物辩证法的否定之否定规律揭示了事物发展的（ ）,方向和道路,结构和功能,源泉和动力,形式和状态,,A,易,单选题
69000,下列现象符合辩证否定的是（ ）,花朵开放时花蕾消失,踩碎谷种,洪水冲毁庄稼,砍伐树木,,A,易,单选题
69001,“取其精华，去其糟粕”的哲学原理是（ ）,扬弃,透过现象看本质,一切以时间、地点和条件为转移,一般寓于个别之中,,A,易,单选题
69002,下列哪些现象属于因果关系（ ）,白天过后是黑夜,闪电雷鸣,水涨船高,月晕而风,,C,易,单选题
69003,必然性和偶然性的相互依赖表现在（ ）,必然性是大量偶然性的堆积,必然性为偶然性开辟道路,必然性通过大量的偶然性表现出来,必然性包含了大量的偶然性,,C,易,单选题
69004,在一切工作中，都不要“耍花架子”，这就告诉我们在形式和内容的关系上（ ）,不要搞任何形式,要摆脱一切形式对工作的干扰,形式应该服从内容,只注意工作的内容,,C,易,单选题
69005,主观辩证法与客观辩证法的关系是（ ）,抽象与具体的关系,唯心主义与唯物主义的关系,反映与被反映的关系,唯心辩证法与唯物辩证法的关系,,C,易,单选题
69006,哲学上的物质范畴与自然科学上的物质范畴的关系是（ ）,形式和内容的关系,本质和现象的关系,本源和派生的关系,普遍和特殊的关系,,D,易,单选题
69007,唯物辩证法的因果联系是指（ ）,一切同时并存的现象之间的联系,引起和被引起的现象之间的联系,一切前后相继的现象之间的联系,反映和被反映的现象之间的联系,,B,易,单选题
69008,揭示事物发展是前进性和曲折性统一的规律是（ ）,质量互变规律,联系和发展的规律,对立统一规律,否定之否定规律,,D,易,单选题
69009,事物发展过程中的“度”是指（ ）,事物质变的临界点,事物质变的关节点,事物保持一定量的质的限度,事物保持一定质的量的限度,,D,易,单选题
69011,世界上唯一不变的是变化，这一论断的含义是（ ）,变是世界的本质,变是绝对的，不变是相对的,世界上只有变，没有不变,变与不变是绝对对立的,,B,易,单选题
69013,有一则箴言：“在溪水和岩石的斗争中，胜利的总是溪水，不是因为力量，而是因为坚持。”“坚持就是胜利”的哲理在于（ ）,量变必然引起质变,有其因必有其果,必然性通过偶然性开辟道路,肯定中包含着否定的因素,,A,易,单选题
69014,数学家华罗庚在一次报告中以“一支粉笔多长为好”为例来讲解他所倡导的优选法。他解释道：“每支粉笔都要丢掉一段一定短的粉笔头，单就这一点来说，愈长愈好。但太长了，使用起来很不方便，而且容易折断。每断一次，必然浪费一个粉笔头，反而不合适。因而就出现了粉笔多长合适的问题－这就是一个优选问题。”所谓优选问题，从辩证法的角度看，就是要（ ）,坚持适度原则,全面考虑事物属性的多样性,保持事物的质的稳定性,注重量的积累,,A,易,单选题
69015,唯物辩证法和形而上学的根本分歧在于是否承认（ ）,事物是客观存在的,矛盾是事物发展的动力,事物是普遍联系的,事物是运动发展的,,B,易,单选题
69016,“只见树木，不见森林”、“一叶障目，不见泰山”。这是一种（ ）,相对主义的观点,不可知论的观点,形而上学观点,庸俗唯物主义的观点,,C,易,单选题
69017,唯物辩证法的实质与核心是（ ）,否定之否定规律,对立统一规律,普遍联系规律,永恒发展规律,,B,易,单选题
69018,唯物辩证法认为，发展的实质是（ ）,事物的运动变化,事物数量的增加,事物的量变引起质变,新事物的产生和旧事物的灭亡,,D,易,单选题
69019,“任何事物的存在和发展都是有条件的，一切以时间、地点、条件为转移。”这是一种（ ）,形而上学不变论观点,唯物辩证法观点,唯条件论观点,外因论观点,,B,易,单选题
69020,下列选项中，体现矛盾双方相互转化这一哲学道理的是（ ）,月晕而风，础润而雨,乐极生悲，苦尽甘来,千里之行，始于足下,野火烧不尽，春风吹又生,,B,易,单选题
69021,在我国战国时期，公孙龙提出“白马非马”的命题。这个命题的错误在于它割裂了（ ）,矛盾的主要方面和次要方面的联系,矛盾的特殊性和普遍性的联系,主要矛盾和次要矛盾的联系,矛盾的同一性和斗争性的联系,,B,易,单选题
69022,在唯物辩证法看来，房子同平房、楼房、别墅等的关系属于（ ）,内容和形式的关系,共性和个性的关系,整体和部分的关系,本质和现象的关系,,B,易,单选题
69023,“一把钥匙开一把锁”，这句话强调的是（ ）,要承认事物运动的规律性,要注重分析矛盾的特殊性,要注重分析矛盾的普遍性,要承认事物的客观性,,B,易,单选题
69025,建设中国社会主义先进文化，必须批判地继承中国传统文化，取其精华，去其糟粕。这样做依据的哲学原理是（ ）,两点论与重点论统一的原理,共性与个性关系的原理,内因与外因关系的原理,辩证否定的原理,,D,易,单选题
69026,“在对现存事物的肯定的理解中同时包含着对现存事物的否定的理解，即对现存事物必然灭亡的理解。”这是一种（ ）,庸俗进化论的观点,激变论的观点,唯物辩证法的观点,相对主义诡辩论的观点,,C,易,单选题
69028,全盘否定中国传统文化的历史虚无主义，在哲学上是犯了（ ）,唯心主义先验论的错误,形而上学否定观的错误,经验论的错误,激变论的错误,,B,易,单选题
69030,我国在社会主义现代化建设，坚持独立自主、自力更生和对外开放的方针。它的理论依据是（ ）,事物发展的量变和质变辩证关系的原理,矛盾的普遍性和特殊性辩证关系的原理,事物发展的内因和外因辩证关系的原理,矛盾的同一性和斗争性辩证关系的原理,,C,易,单选题
69031,“金无足赤，人无完人”，这是一种（ ）,相对主义观点,折衷主义观点,形而上学观点,辩证法观点,,D,易,单选题
69033,揭示事物发展的趋势和道路的规律是（ ）,本质表现为现象的规律,质量互变规律,否定之否定规律,对立统一规律,,C,易,单选题
69034,在内容和形式的矛盾运动中（ ）,内容和形式都处在不停的显著变动中,内容的变化总是落后于形式的变化,内容是相对稳定的，形式是活跃易变的,内容是活跃易变的，形式是相对稳定的,,D,易,单选题
69035,真象和假象的区别在于（ ）,真象是客观的，假象是主观的,真象从正面直接地表现本质，假象从反面歪曲地表现本质,真象是确定的，假象是不确定的,真象是稳定的，假象是变动不居的,,B,易,单选题
69036,鲁迅评《三国演义》时说：“至于写人，亦颇有失，以致欲显刘备之长厚而似伪，状诸葛之多智而近妖。”这一评述蕴含的哲理是（ ）,要把事物看作一个整体,要把握事物的度,对事物既要肯定，又要否定,要区分事物的两重性,,B,易,单选题
69037,“挟泰山以超北海，语人曰吾不能，是诚不能也。为长者折枝，语人曰吾不能，是不为也，非不能也。”《孟子》中的这段话启示我们，做事情时要区分可能性和不可能性，二者的区别在于（ ）,现实中有无根据和条件,现实中的根据和条件是否充分,对人是否有利,人的主观努力程度,,A,易,单选题
69038,辩证法的否定即“扬弃”，它的含义是指（ ）,纯粹的否定,抛弃,事物中好的方面和坏的方面的组合,既克服又保留,,D,易,单选题
69039,“从个别到一般，从一般到个别”的思维方法是（ ）,抽象到具体,实践到认识,归纳与演绎,分析与综合,,C,易,单选题
69040,从哲学上讲，和谐就是指（ ）,矛盾双方的绝对同一,事物之间不存在矛盾,矛盾的一种特殊形式,事物之间的矛盾没有斗争性,,C,易,单选题
69043,驳倒不可知论的关键在于（或对不可知论最有力的驳斥）（）,把科学的实践观引入认识论,指出感性认识和理性认识的辨证关系,指出事物的本质和现象是同一的,指出人们可以通过感觉反映世界,,A,易,单选题
69044,辩证唯物主义认识论的首要的、基本的观点是（      ）,矛盾的观点,实践的观点,物质的观点,发展的观点,,B,易,单选题
69045,人类最基本的实践活动是（）,生产实践,科学实验,处理社会关系的实践,以上都不是,,A,易,单选题
69047,“存在就是被感知”，这是典型的（）,客观唯心主义观点,机械反映论观点,反映论观点,主观唯心主义观点,,D,易,单选题
69048,“实践是认识的来源”，这种观点是说（）,只有直接经验来自实践,一切认识都要直接参加实践活动才能获得,一切认识归根到底都是从实践中得来的,只要参加实践活动就能获得正确认,,C,易,单选题
69049,唯物主义认识论都坚持（）,反映论,经验论,唯理论,先验论,,A,易,单选题
69050,辩证唯物主义认为，认识的本质在于（）,人脑对客观事物的主体选择,人脑的客观反映,人脑对客观事物的能动反映,人脑的主观创造,,C,易,单选题
69052,所谓认识的主体是指（）,人的大脑,主观认识,是从事改造客观世界活动的实践着的人,客观对象,,C,易,单选题
69053,认识论中的主体性原则是指（ ）,主体的能动性,客体反映主体,主观性原则,主体决定客体,,A,易,单选题
69054,认识的主体是指处于一定社会关系中从事实践活动的人，主体的根本属性是（）,具有感觉器官、思维器官和实践能力,社会属性,自然属性,认识属性,,B,易,单选题
69055,主体对客体的作用本质上是一种能力的追求，认识主体最本质的特征是（）,社会性,创造性,适应性,自主性,,B,易,单选题
69056,认识的客体是指（）,自然界和社会,绝对精神,进入认识范围内的客观事物,客观事物,,C,易,单选题
69058,主体要和客体发生关系是通过（）,认识,领悟,反映,实践,,D,易,单选题
69059,马克思主义认为，主客体之间的价值关系是指（）,主体对客体的改造和变革的结果,主体对客体的能动的反映,客体对于主体的有用性和效益性,主体对客体的物质欲望和要求,,C,易,单选题
69060,"马克思主义认识论认为,能动的反映是（）",物质性与精神性的统一,摹写和创造的统一,真理的本性与实践特点的统一,可知论与不可知论的统一,,B,易,单选题
69061,人类认识发展的根本动力是（   ）,好奇心理,社会实践,求知欲望,科学兴趣,,B,易,单选题
69063,在下列成对理论中，属于唯物主义与唯心主义对立的是（ ）,宿命论与唯意志论的对立,能动反映论与机械反映论的对立,可知论与不可知论的对立,反映论与先验论的对立,,D,易,单选题
69064,实践的中介是（）,对一事物存在和发展有联系的各种要素的总和,构成事物一切要素的总和,受命于主观，见之于客观的活动,各种形式的工具、手段及其运用的程序和方法,,D,易,单选题
69065,实践高于理论是因为实践具有（）,直接现实性的优点,普遍有用性的优点,相对性和绝对性相统一的优点,主观能动性的优点,,A,易,单选题
69066,下列选项中，正确表述一个完整认识过程的是（）,实践—认识—实践,感觉—概念—感觉,概念—判断—推理,感觉—知觉—表象,,A,易,单选题
69067,人类认识的发展规律和道路是（）,由感性认识到理性认识，由理性认识到实践,实践、认识、再实践，循环往复以至无穷，不断深入发展,认识——实践——认识的辨证运动,由理性认识到实践，再由理性认识到实践的多次反复,,B,易,单选题
69068,“真理是人造的供人使用的工具”的看法是（）,辩证唯物主义,客观唯心主义,主观唯心主义,机械唯物主义,,C,易,单选题
69069,人们认识的起点是（ ）,社会意识,感觉,客观事物,理性认识,,B,易,单选题
69071,认识的初级阶段是（）,感性认识,直接认识,理性认识,全面认识,,A,易,单选题
69072,由感性认识上升到理性认识的过程是（）,主观随意的过程,完全自发的过程,积极能动的过程,消极被动的过程,,C,易,单选题
69073,理性认识的特点是（）,借助于抽象思维达到对事物本质的把握,通过感觉器官对客观事物的直接把握,对感性认识的综合,与客观事物无关的人的自由创造物,,A,易,单选题
69074,概念、判断、推理是（）,理性认识的三种形式,辩证法的三种形式,感性认识的三种形式,唯物主义的三种形式,,A,易,单选题
69075,在认识过程中更为重要意义的飞跃是指( ),从外在形象到内在本质的飞跃,从肯定阶段到否定阶段的飞跃,从理性认识到实践的飞跃,从个性认识到共性认识的飞跃,,C,易,单选题
69076,一个正确的认识往往需要经过(       ),由实践到认识、由认识到实践的过程,"由物质到精神,由精神到物质的过程","由感性认识到理性认识,由理性认识到实践的过程",由实践到认识、由认识到实践的多次反复才能完成,,D,易,单选题
69079,真理就是(      ),对人类生存有用的理论,客观事物及其规律,大多数人同意的观点,对客观事物本质及其规律的正确反映,,D,易,单选题
69080,"坚持真理的客观性,就是(      )",在真理观上坚持了辩证法,在真理观上坚持了形而上学,在真理观上坚持了唯物主义,在真理观上坚持了唯心主义,,C,易,单选题
69081,真理与谬误的本质区别在于(      ),"真理是相对的,谬误是绝对的","真理是对外部世界的反映,谬误是自己头脑里存在的","真理是有用的,谬误是有害的",是否正确反映了事物的本质及其规律,,D,易,单选题
69082,有人认为，一定历史条件下被实践证明为正确的理论，是永恒不变的终极真理这是一种（）,相对主义观点,形而上学观点,唯物辩证法观点,唯心主义观点,,B,易,单选题
69083,真理既是绝对的，又是相对的.这是真理问题上的（）,唯物论,二元论,诡辩论,辩证法,,D,易,单选题
69084,绝对真理与相对真理是（）,两者有着固定不变的界限,两种完全相同的真理,两种完全不同的真理,同一个真理的两种不同属性,,D,易,单选题
69085,任何真理都是对事物一定程度、一定层次近似正确的反映，都是随着实践的发展而发展的.这说明真理具有（）,绝对性,相对性,有用性,社会性,,B,易,单选题
69087,"谬误与真理的关系是对立统一的,因此谬误（）",在一定条件下可以变为真理,是对客观事物的正确反映,永远也不能变为真理,含在相对真理之中的,,A,易,单选题
69088,古希腊的亚里士多德提出物体的降落速度与物体的重量成正比，人们长期把它视为真理通过在比萨斜塔所做的自由落体试验，推翻了亚里士多德的观点.这件事说明（）,科学理论对实践具有指导作用,只有理性认识才能把握事物的本质,实践是检验认识正确与否的惟一标准,实践是认识的根本目的,,C,易,单选题
69090,恩格斯说：“人的智力是按照人如何学会改造自然界而发展的。”这说明（）,人具有认识自然的能力,人的认识具有主观能动性,自然界是认识发展的动力,实践是认识发展的动力,,D,易,单选题
69091,社会存在是指（　　　）,社会管理体制,社会物质生活条件,社会政治法律制度,社会精神生活过程,,B,易,单选题
69092,在社会发展中起决定性的因素是（　　　　）,人口因素,地理环境,生产方式,社会风气,,C,易,单选题
69093,"""社会形态发展是自然历史过程""，指的是（　　　　）",社会形态的发展与主体的选择无关,社会形态的发展与自然界的发展完全一样,社会形态的发展是纯粹自发的过程,社会形态的发展是一种客观的有规律的运动过程,,D,易,单选题
69094,物质资料的生产方式包括（　　　）,劳动资料和劳动对象两个方面,生产关系和生产资料两个方面,劳动者和劳动工具两个方面,生产力和生产关系两个方面,,D,易,单选题
69095,人类全部社会关系中最基础的关系是（　　　　）,思想关系,政治关系,生产关系,血缘关系,,C,易,单选题
69096,在下列选项中，属于非意识形态的是（　　　）,哲学,逻辑学,宗教,艺术,,B,易,单选题
69097,下列各组社会意识形式全部属于意识形态范围的是(　　 ),.政治思想、管理学、语言学,法律思想、逻辑学、宗教,哲学、艺术、环境科学,法律思想、哲学、宗教,,D,易,单选题
69098,从社会意识反映社会存在的水平高低不同的层次，可以把社会意识划分为（　　　）,有阶级性的意识与无阶级性的意识,先进意识与落后意识,个体意识与群体意识,社会心理与思想体系,,D,易,单选题
69099,人类社会发展的基本动力是（　　）,科学技术革命,改革开放,阶级斗争,社会基本矛盾,,D,易,单选题
69100,人类社会的基本矛盾是（　　）,人和自然界、人和人之间的矛盾,先进和落后、正确和错误之间的矛盾,个人和社会、自然界和社会之间的矛盾,生产力和生产关系、经济基础和上层建筑之间的矛盾,,D,易,单选题
69101,反映生产力发展水平的主要标志是  （　　）,劳动对象的质量,生产工具的水平,运输设备的状况,劳动者的经验技能,,B,易,单选题
69102,生产关系是反映（　　　）,人与人之间利害关系的范畴,人与人之间经济关系的范畴,人与社会之间关系的范畴,人与自然之间关系的范畴,,B,易,单选题
69104,生产关系包括多方面的内容，其中起决定作用的内容是(      ),生产资料的所有制形式,产品的分配形式,人们在生产过程中的相互关系,产品的交换方式,,A,易,单选题
69105,在生产力和生产关系这对矛盾中(      ),生产力决定生产关系,生产关系可以超越生产力的发展水平,生产力落后于生产关系的变化,生产关系是生产力的物质基础,,A,易,单选题
69108,上层建筑是一个庞大的系统，由两在部分构成。这两部分是（　　）,政治上层建筑和观念上层建筑,政治思想和法律思想,行政机关和立法机关,政治制度和法律制度,,A,易,单选题
69109,历史唯物主义和历史唯心主义在历史创造者问题上的根本对立在于是否承认（　　）,杰出人物的历史发展中的作用,思想动机在历史发展中的作用,剥削阶级代表人物在历史发展中的作用,人民群众是历史发展的决定力量,,D,易,单选题
69110,在经济基础和上层建筑这对矛盾中（    ）,上层建筑决定经济基础的变革要求,上层建筑决定经济基础的性质,上层建筑各部分随着经济基础的变更立即发生变化,上层建筑会对经济基础具有反作用,,D,易,单选题
69111,国体和政体的关系属于(      ),本质和现象的关系,必然和偶然的关系,普遍和特殊的关系,内容和形式的关系,,D,易,单选题
69112,从起源上看，国家是（　　　）,维护社会秩序和社会正义的产物,阶级矛盾不可调和的产物,适应管理社会公共事务需要的产物,防御外敌颠覆活动的产物,,B,易,单选题
69113,国体指的是（　　 ）,国家政权的社会职能,国家政权的组织形式和管理形式,国家政权的政治职能,社会各阶级在国家政权中的地位和作用,,D,易,单选题
69114,国家政权主要代表（　　）,统治阶级的利益,先进阶级的利益,劳动人民的利益,剥削阶级的利益,,A,易,单选题
69115,马克思主义认为，阶级斗争的根源是（　　）,不同阶级在政治态度上的根本对立,不同阶级在经济利益上的根本对立,不同阶级在意识形态上的根本对立,不同阶级在职业分工上的根本对立,,B,易,单选题
69116,马克思主义认为，阶级产生的基本前提是（　　）,通过做投机生意而攫取高额利润,通过放高利贷而获取高额利息,由于生产力发展而出现剩余产品,通过发动战争掠夺其他氏族的财产,,C,易,单选题
69117,划分阶级的唯一标准是（）,经济标准,道德标准,政治标准,社会标准,,A,易,单选题
69119,社会改革是（　　）,改变社会经济制度,对社会体制进行改善和革新,改变人的思想观念,改变社会政治制度,,B,易,单选题
69120,社会革命的根本问题是（    ）,争取公平正义问题,争取人类解放问题,夺取国家政权问题,争取民主自由问题,,C,易,单选题
69121,社会革命的最深刻的根源在于（　　）,人口过多和资源匮乏的矛盾,生产力和生产关系的矛盾,先进生产力和落后生产力的矛盾,先进文化和落后文化的矛盾,,B,易,单选题
69122,社会革命首要的基本的标志是（      ）,合理的经济体制代替不合理的经济体制,国家政权从反动阶级手里转移到革命的进步的阶级手里,先进的政治思想代替落后的政治思想,高效率的政治体制代替低效率的政治体制,,B,易,单选题
69123,下列各项属于社会革命的是（　　　）,先进阶级推翻反动统治阶级的国家政权的斗争,社会各阶级之间的经济斗争,剥削阶级和被剥削阶级之间的激烈的政治斗争,各种不同政治势力之间的武装斗争,,A,易,单选题
69124,马克思说“革命是历史的火车头”，这句话形象而深刻地说明了(     ),革命在推动社会发展中的重要作用,革命阶级要积极主动地制造革命以推动社会发展生产中起主导作用和超前作用,革命是社会发展的最深刻的根源,暴力革命是实现社会形态更替的惟一形式,,A,易,单选题
69126,"""人民群众是历史的创造者""这一基本观点的理论前提（　　）",生产方式是人类社会存在和发展的基础的原理,意识对物质具有能动反作用的原理,人的本质属性是社会性的原理,人口因素对社会发展有制约作用的原理,,A,易,单选题
69127,历史人物分为杰出人物和反动人物。杰出人物是指 （　　）,无产阶级的伟大政治家和思想家,对历史发展起促进作用的伟大人物,上升时期的剥削阶级的先进代表,历史上被剥削阶级的革命领袖,,B,易,单选题
69128,人民群众创造历史的活动受历史条件的制约。这种观点是说（　）,人民群众不是历史的创造者,人民群众不是社会发展的决定力量,人民群众不能随心所欲地创造历史,人民群众不是历史活动的主体,,C,易,单选题
69129,“每一个社会时代都需要有自己的伟大人物，如果没有这样的人物，它就要把他们创造出来。”这种观点（　　　）,正确说明了杰出人物的产生和作用,否认了人民群众是历史发展的决定力量,属于英雄创造历史的唯心史观,违背了党的群众观点和群众路线历史发展中的作用,,A,易,单选题
69130,"""任何英雄人物的历史作用都不能超出他们所处历史条件所许可的范围""。这种观点属于（　　　）",历史唯物主义观点,否认个人历史作用的观点,机械决定论观点,历史宿命论观点,,A,易,单选题
69131,历史人物在历史上的作用表现为（　　）,改变历史发展的规律,改变历史发展的方向,决定历史时代的根本特点,加速或延缓历史的发展,,D,易,单选题
69132,坚持无产阶级政党的群众观点，就要坚信（　　　）,人民群众自己解放自己,群众有高度的改革开放自觉性,群众运动具有天然合理性,群众有自发的社会主义觉悟,,A,易,单选题
69133,上层建筑是推动还是阻碍社会的发展取决于 ( ),它是否同自己的经济基础相适合,它是否与经济基础存在着矛盾,它所服务的经济基础的性质,它本身的各个部分是否协调,,C,易,单选题
69134,我国社会主义上层建筑的核心是 ( ),人民民主专政的国家政权,社会主义的政治法律观点,马克思列宁主义、毛泽东思想,共产主义的道德和理想,,A,易,单选题
69135,社会意识相对独立性的最突出表现是它 ( ),同社会存在发展的不同步性,对社会存在具有能动的反作用,同社会经济的发展具有不平衡性,具有历史的继承性,,B,易,单选题
69136,"“手推磨产生的是封建主的社会 , 蒸汽磨产生的是工业资本家的社会” , 这句话揭示了（）",物质生产的发展需要建立相应的生产关系,社会形态的更替有其一定的顺序性,科学技术是第一生产力,生产工具是衡量生产力水平的重要尺度,,A,易,单选题
69137,当前我国的改革也是一场革命，是指通过改革(),根本变革社会经济制度,根本变革社会的政治制度,改变社会的经济体制和政治体制,同一切传统观点彻底决裂,,C,易,单选题
69138,英雄史观的理论出发点是(),社会意识具有能动的反作用,人是社会活动的主体,社会意识决定社会存在,社会运动是受偶然性支配的,,C,易,单选题
69139,人民群众是历史的创造者，其根本原因是(),人民群众是社会生产力的承担者,人民群众有无穷的智慧,人民群众占人口的大多数,人民群众的活动总是合理的,,A,易,单选题
69140,我国的国民经济随着改革开放的不断深入而得到了迅速的发展，这说明（）,生产关系对生产力具有反作用,生产关系的变化决定着生产力的发展,生产关系的任何变化都会促进生产力的发展,有时生产关系对生产力也具有决定作用,,A,易,单选题
69142,政治经济学研究的出发点是（        ）,社会生产关系,社会生产力,社会生产方式,物质资料的生产,,D,易,单选题
69144,生产资料是指（          ）,劳动对象与劳动者之和,劳动对象与劳动工具之和,劳动资料与劳动对象之和,劳动资料与劳动工具之和,,C,易,单选题
69145,从劳动过程看，在汽车修配厂正在检修的汽车是（        ）,劳动工具,劳动资料,劳动产品,劳动对象,,D,易,单选题
69146,在人们的各种社会关系中，最基本的关系是（          ）,政治关系,家庭关系,生产关系,法律关系,,C,易,单选题
69147,生产力是生产过程中（         ）,人与社会的关系,人与市场的关系,人与自然的关系,人与人的关系,,C,易,单选题
69149,生产力中物的因素是指（         ）,劳动资料,生产工具,劳动对象,生产资料,,D,易,单选题
69151,在资本主义制度下起作用的特有经济规律是（         ）,剩余价值规律,竞争规律,货币流通规律,价值规律,,A,易,单选题
69154,马克思主义政治经济学的最主要理论来源是（        ）,英国古典政治经济学,重商主义理论,资产阶级庸俗政治经济学,空想社会主义经济理论,,A,易,单选题
69155,研究政治经济学必须紧密联系生产力来考察生产关系。这是因为（       ）,政治经济学的研究对象是生产力,生产力决定生产关系,生产关系决定生产力,生产关系反作用于生产力,,B,易,单选题
69157,人们认识经济规律的目的在于（         ）,承认经济规律的客观性,创造经济规律,利用经济规律能动地改造世界,消灭经济规律,,C,易,单选题
69158,政治经济学研究生产关系及其发展规律时，必须联系（        ）,人们在生产过程中的物质利益,生产力和上层建筑的状况,人们在生产过程中的地位,生产资料所有制结构,,B,易,单选题
69159,生产力发展的社会条件是（        ）,科学技术高度发达,经济体制,物质资料生产高度发达,生产关系,,D,易,单选题
69162,分析资本主义生产方式，必须首先分析（         ）,商品,利润,货币,资本,,A,易,单选题
69163,商品是（          ）,具有使用价值的产品,用来交换的劳动产品,满足劳动者自己需要的劳动产品,满足社会需要的产品,,B,易,单选题
69164,商品的本质属性是（         ）,交换价值,使用价值,价值,价格,,C,易,单选题
69167,"马克思指出：""如果物没有用，那么其中包含的劳动也就没有用，不能算作劳动。因此不形成价值。""这段话说明（          ）",价值的存在与物的有用性互为前提,物越是有用就越有价值,价值的存在以物的有用性为前提,只要物是有用的，它就有价值,,C,易,单选题
69168,马克思说：“我们不可能从对小麦的品尝当中，来判定它是由封建社会的农奴生产的，还是由资本主义制度下雇佣劳动者生产的。”这句话表明（        ）,使用价值是商品和其他产品的共有属性，它体现人类社会共同的经济关系,使用价值是价值的物质承担者，与价值共同反映人们的社会生产关系,使用价值是商品的自然属性，它本身不反映人们的社会生产关系,使用价值以价值的存在为前提，反映人和自然界的关系,,C,易,单选题
69169,商品的使用价值和价值的关系是（        ）,没有使用价值的东西，就不会有价值,没有价值的东西就没有使用价值,有价值的东西不一定有使用价值,有使用价值的东西就有价值,,A,易,单选题
69170,马克思说：“一切商品对它们的所有者是非使用价值，对它们的非所有者是使用价值。”这句话表明（          ）,有使用价值的不一定有价值,商品不可能既有使用价值又有价值,商品所有者同时获得使用价值和价值,商品是使用价值和价值的对立统一,,D,易,单选题
69171,具体劳动和抽象劳动的区别在于（         ）,具体劳动是体力劳动，抽象劳动是脑力劳动,具体劳动是简单劳动，抽象劳动是复杂劳动,具体劳动和抽象劳动是两个不同的劳动过程,具体劳动生产使用价值，抽象劳动形成价值,,D,易,单选题
69172,生产商品的具体劳动和抽象劳动的关系是（         ）,先有具体劳动，后有抽象劳动,一会儿是具体劳动，一会儿是抽象劳动,不是具体劳动，就是抽象劳动,具体劳动和抽象劳动是同一劳动过程的两个方面,,D,易,单选题
69173,价值的实体是凝结在商品中的（        ）,脑力劳动,具体劳动,体力劳动,抽象劳动,,D,易,单选题
69174,在商品生产过程中，具体劳动的作用是（         ）,创造使用价值,创造剩余价值,创造生产资料的价值,创造新价值,,A,易,单选题
69175,抽象劳动的支出必须借助于（        ）,剩余劳动,商品的生产形式,资本主义生产方式,具体劳动,,D,易,单选题
69176,商品的价值量是由生产商品的社会必要劳动时间决定的，它是在（        ）,不同商品的生产者之间的竞争中实现的,商品的生产者和消费者之间的竞争中实现的,商品的生产者和销售者之间的竞争中实现的,同类商品的生产者之间的竞争中实现的,,D,易,单选题
69177,同商品价值量成反比例的劳动生产率是指（        ）,某企业的劳动生产率,某个人的劳动生产率,某部门的平均劳动生产率,全社会各部门各行业的平均劳动生产率,,C,易,单选题
69178,单位商品的价值量与劳动生产率是（         ）,成反比,成正比,有时成正比，有时成反比,成正方向变化,,A,易,单选题
69179,在同一劳动时间内，由于劳动生产率的提高，生产出的商品数量和单位商品价值量都发生了变化，这种变化是（         ）,商品数量减少，单位商品的价值量不变,商品数量减少，单位商品的价值量增大,商品数量增加，单位商品的价值量减少,商品数量增加，单位商品的价值量不变,,C,易,单选题
69180,社会必要劳动时间是以（        ）为尺度的。,复杂劳动,抽象劳动,具体劳动,简单劳动,,D,易,单选题
69181,商品生产者要获得更多的收益必须使生产商品的（         ）,个别劳动时间低于社会必要劳动时间,个别劳动时间等于社会必要劳动时间,个别劳动时间大大高于社会必要劳动时间,个别劳动时间高于社会必要劳动时间,,A,易,单选题
69182,简单商品经济的基本矛盾是（         ）,私人劳动和社会劳动的矛盾,具体劳动和抽象劳动的矛盾,个别价值和社会价值的矛盾,使用价值和价值的矛盾,,A,易,单选题
69183,货币的本质是（        ）,商品交换的媒介物,价值的表现形式,流通手段,固定地充当一般等价物的特殊商品,,D,易,单选题
69184,货币执行价值尺度的职能（         ）,可以用观念上的货币,必须是纸币,必须是金属货币,必须是现实的货币,,A,易,单选题
69186,货币具有价值尺度的职能是因为（         ）,具有使用价值,能够分为若干等份,是商品，具有使用价值和价值,是金银,,C,易,单选题
69188,“金银天然不是货币，货币天然是金银”这句话的含义是指（         ）,货币天然地最适宜于从当金银,金银天然地最适宜于从当货币,金银生来就从当货币,货币生来就由金银从当,,B,易,单选题
69189,价值规律是（        ）,资本主义社会特有的经济规律,社会主义社会特有的经济规律,一切商品经济共有的经济规律,一切社会共有的经济规律,,C,易,单选题
69190,同等重量的黄金和生铁，黄金的价值比生铁的价值更大。这是由于（         ）,生产黄金比生产生铁所消耗的社会必要劳动时间多,黄金是贵重的、稀缺商品，而生铁不是,黄金过去是、现在仍然是重要的价值尺度，而生铁不是,黄金的使用价值比生铁的使用价值更大,,A,易,单选题
69191,在商品交换过程中，赊买赊卖的情况所体现的货币职能属于（         ）,价值尺度,贮藏手段,流通手段,支付手段,,D,易,单选题
69192,在商品流通中，货币的作用是（       ）,能决定商品的价格，也能实现商品的价格,不能决定商品的价格，只能实现商品的价格,不能决定商品的价格，也不能实现商品的价格,能决定商品的价格，不能实现商品的价格,,B,易,单选题
69193,商店里出售的各种商品，都贴有价格标签，这些价格标签表明货币在（       ）,发挥支付手段的职能,作为社会财富的代表,充当流通手段的职能,执行价值尺度的职能,,D,易,单选题
69194,通货紧缩是（       ）,货币供应量超过流通中所需要的货币量，引起纸币贬值，物价普遍上涨,货币供应量少于流通中所需要的货币量，引起货币价值含量上升，物价普遍下降,货币供应量超过流通中所需要的货币量，引起货币价值含量上升，物价普遍下降,货币供应量少于流通中所需要的货币量，引起纸币贬值，物价普遍上涨,,B,易,单选题
69195,在金属货币流通的条件下，通货紧缩（       ）,不会发生,是不可避免的,可能发生,取决于商品数量,,A,易,单选题
69196,通货膨胀是由于（        ）,按货币需要量决定货币发行数量,货币供应量大大少于货币需要量,货币供应量显著多于货币需要量,货币供应量刚好等于货币需要量,,C,易,单选题
69197,价值规律对生产、流通和消费的调节作用的实现形式是（       ）,使用价值与价值的矛盾运动,市场价格围绕着生产成本上下波动,价格根据市场供求变化围绕着价值上下波动，从而影响各个市场主体的利益,社会必要劳动时间与个别劳动时间的矛盾,,C,易,单选题
69198,在现代市场经济条件下，价值规律的作用，是通过（       ）,自觉运用和自发起作用共同实现的,市场自发实现的,价格实现的,国家的宏观调控实现的,,A,易,单选题
69199,生产要素的所有者共同参与财富分配的经济依据是（       ）,财富是由抽象劳动创造的,财富是由劳动与资本共同创造的,财富是由各种生产要素共同生产的,抽象劳动是价值的唯一源泉,,C,易,单选题
69201,劳动力商品与其他商品不同的最根本特征是（ ）,劳动力价值受历史道德因素影响,劳动力在一定条件下可以转化为商品,劳动力使用价值是价值的源泉,劳动力存在于人的身体之内,,C,易,单选题
69203,能准确反映资本家对工人剥削程度的因素是(  ),剩余价值率的高低,工人劳动强度的大小,工人工资的高低,工人劳动时间的长短,,A,易,单选题
69204,在资本主义生产过程中，生产资料的价值（ ）,随着生产耗费而逐渐消失,借助抽象劳动而再生产出来,能够发生价值增殖,借助具体劳动转移到产品中去,,D,易,单选题
69205,资本家采用先进技术的直接动因是（ ）,追逐超额剩余价值,降低劳动力价值,追逐绝对剩余价值,追逐相对剩余价值,,A,易,单选题
69206,区分不变资本和可变资本的依据是资本的不同部分(  ),根据价值周转方式不同,在价值增殖中的作用不同,在生产中位置是否移动,在运动中职能是否变化,,B,易,单选题
69207,资本的周转速度（ ）,同周转时间成正比，与周转次数成正比,同周转时间成反比，与周转次数成反比,同周转时间成正比，与周转次数成反比,同周转时间成反比，与周转次数成正比,,D,易,单选题
69208,资本主义机器制造厂生产出来的机器是该厂的（  ）,固定资本,生产资本,商品资本,流动资本,,C,易,单选题
69211,资本主义生产方式的绝对规律是（ ）,生产和再生产劳动力供资本家使用,生产价值,生产剩余价值或赚钱,生产使用价值或商品,,C,易,单选题
69212,下列选项中属于不变资本又属于固定资本的是(  ),辅助材料,原料,机器、设备,.燃料,,C,易,单选题
69213,研究社会资本再生产的核心问题是(  ),社会总产品的实现问题,国民收入的分配问题,剩余价值的实现问题,社会总产值的构成问题,,A,易,单选题
69214,资本主义扩大再生产的重要源泉是（ ）,剩余价值,可变资本,资本积累,剩余劳动,,C,易,单选题
69215,资本的有机构成可表示为（ ）,c∶v,m∶v,m∶c,c∶m,,A,易,单选题
69216,在资本主义条件下，部门之间的竞争形成了（ ）,超额剩余价值,商品的社会价值,商品的市场价格,平均利润率,,D,易,单选题
69218,利润本质上是( ),所费资本的产物,全部预付资本的产物,成本价格的产物,剩余价值,,D,易,单选题
69219,相对剩余价值的获得是（ ）,个别资本家提高劳动生产率的结果,延长工人劳动时间的结果,社会普遍提高劳动生产率的结果,普遍提高工人劳动强度的结果,,C,易,单选题
69221,利润率是(  ),剩余价值与预付总资本的比率,剩余价值与不变资本的比率,剩余价值与可变资本的比率,剩余价值与所费资本的比率,,A,易,单选题
69223,把剩余价值看成是全部预付资本的产物，就转化为( ),生产价格,利润,利息,成本价格,,B,易,单选题
69224,部门之间的竞争是以(  ),资本转移为特征的,资本循环为特征的,价格竞争为特征的,资本周转为特征的,,A,易,单选题
69226,资本循环的三种职能形式是（ ）,产业资本、商业资本、借贷资本,货币资本、生产资本、商品资本,固定资本、流动资本、生产资本,不变资本、可变资本、流通资本,,B,易,单选题
69227,资本主义经济危机的实质是（ ）,生产绝对过剩的危机,生产相对过剩的危机,生产过剩的危机,生产不足的危机,,B,易,单选题
69228,产业资本划分为货币资本、生产资本、商品资本的依据是资本各个部分（ ）,在循环中的职能不同,价值周转方式不同,存在的物质形态不同,在价值增殖过程中的作用不同,,A,易,单选题
69230,资本主义法制的核心是（ ）,刑法,民法,宪法,行政法,,C,易,单选题
69231,美国采取权力制衡的组织形式，其中立法权属于（ ）,最高检察院,国会,最高法院,总统,,B,易,单选题
69232,资本主义国家的选举的实质是（ ）,资产阶级和无产阶级分权,每个公民都能通过竞选参与政治活动，表达自己的愿望和要求,人民当家作主,协调统治阶级内部利益关系和矛盾的重要措施,,D,易,单选题
69233,资本主义政党制度的实质是（ ）,允许马克思主义政党独立执政,允许工人阶级及其政党参与国家政治生活,资产阶级选择自己的国家管理者，实现其内部利益平衡的政治机制,不受资本主义国家政权的资本主义性质制约,,C,易,单选题
69234,资产阶级意识形态的核心是（ ）,政治思想和法律思想,道德、伦理,文学、艺术和宗教,哲学、历史,,A,易,单选题
69235,资本主义生产成本中不应包括（ ）,固定资本未折旧部分,固定资本折旧,支付的工资,原材料费用,,A,易,单选题
69236,资本主义经济危机根源是（ ）,生产和消费的矛盾,生产相对过剩,资本主义基本矛盾,需求绝对减少,,C,易,单选题
69237,资本主义企业的生产成本是（ ）,不变资本价值与可变资本价值之和,不变资本价值与剩余价值之和,流动资本价值与剩余价值之和,可变资本价值与剩余价值之和,,A,易,单选题
69238,包含在资本家工厂里半成品中的资本价值处于资本循环的（　）,流通阶段,生产阶段,购买阶段,销售阶段,,B,易,单选题
69239,资本主义社会中级差地租产生的原因是（　）,土地自然条件的好坏,土地私有权垄断,土地的地理位置不同,土地的资本主义经营垄断,,D,易,单选题
69241,资本有机构成具体表现为（ ）,生产资料与劳动力的比率,固定资本与流动资本的比率,不变资本与可变资本的比率,生产资本与流通资本的比率,,C,易,单选题
69242,资本积累的实质是（ ）,剩余价值资本化,资本家为了社会进步,资本家省吃俭用的结果,资本家用无偿占有的剩余价值榨取更多的剩余价值,,D,易,单选题
69243,资本主义的意识形态（）,只具有历史进步性,既无历史进步性也无阶级局限性,只具有阶级局限性,既有历史进步性又有阶级局限性,,D,易,单选题
69245,剩余价值来源于( ),工人的剩余劳动,工人工资的扣除,劳动力的价值,不等价交换,,A,易,单选题
69247,无产阶级革命的根本问题是（    ）。,国家政权问题,党的领导问题,建立革命统一战线问题,武装斗争问题,,A,易,单选题
69248,"被历史学家称为法国无产阶级在""19世纪的最后一次革命，19世纪法国革命史诗的顶点和终点""的是（    ）",二月革命,巴黎公社革命,里昂工人起义,六月起义,,B,易,单选题
69249,“必然王国”和“自由王国”是（    ）,时间性概念,历史性概念,物质性概念,空间性概念,,B,易,单选题
69250,实现了人的“自由个性”的发展，是（    ）,社会主义社会之中的人的生存状态,共产主义社会之中的人的生存状态,资本主义社会以前的人的生存状态,资本主义社会之中的人的生存状态,,B,易,单选题
69251,马克思主义认为，消灭“三大差别”的关键在于（    ）,消灭工业与农业的差别,消灭城市和乡村的差别,消灭脑力劳动和体力劳动的差别,消灭利益差别,,D,易,单选题
69252,社会主义各个阶段的划分最终应以（    ）,生产力的发展为标准,以阶级斗争为标准,生产关系为标准,生产资料的公有制程度为标准,,A,易,单选题
69254,无产阶级专政的目标是（    ）,要消灭剥削、消灭阶级，进到无阶级社会,建设社会主义民主,防止国外敌人的侵略和颠覆，支持世界人民的革命斗争,不断巩固、发展无产阶级政权和社会主义制度,,A,易,单选题
69255,社会主义的根本任务是（     ）,进行政治体制改革、经济体制改革,解放生产力、发展生产力,进行阶级斗争,改革生产资料所有制,,B,易,单选题
69257,无产阶级政党的组织原则是（     ）,理论联系实际,民主集中制,实事求是,集体领导,,B,易,单选题
69259,社会主义从理论到实践的飞跃，具体途径是（    ）,实践,通过改革和革命实现的,通过对人民群众的教育和灌输实现的,通过无产阶级革命实现的,,D,易,单选题
69260,下列哪项不是列宁关于社会主义革命和建设的理论？(    ),建设具有本国特色的社会主义,新经济政策,资本主义经济发展不平衡的规律,社会主义革命可能在一国、几国获得胜利,,A,易,单选题
69261,下列哪项不属于苏俄新经济政策的内容？(    ),加强同资本主义国家的经济合作与交往,大力发展商业，建立工业和农业的结合点,民族资本的社会主义改造,用粮食税代替余粮征集制,,C,易,单选题
69262,1516年_______一书的出版，标志着空想社会主义的产生。(    ),《自然法典》,《乌托邦》,《太阳城》,《论最好的国家》,,B,易,单选题
69265,马克思说：“暴力是每一个孕育着新社会的旧社会的助产婆”，这说明(    ),暴力革命是无产阶级革命的主要的基本形式,暴力革命与和平发展可以相互取代,暴力革命是无产阶级革命的唯一形式,暴力革命与和平发展互相排斥,,A,易,单选题
69266,科学社会主义的直接理论来源是(    ),19世纪初期以圣西门、傅立叶、欧文为代表的空想社会主义,空想社会主义的学说,唯物史观和剩余价值学,空想平均共产主义,,A,易,单选题
69267,社会主义实现由空想到科学发展的标志是(    ),空想社会主义理想的破灭,《共产党宣言》的发表,无产阶级革命的胜利,“共产主义者同盟”的建立,,B,易,单选题
69268,列宁得出社会主义可能在一国或数国首先取得胜利的结论依据是(    ),无产阶级是最先进、最革命的阶级的原理,帝国主义时代资本主义政治经济发展不平衡的规律,资本主义必然灭亡、社会主义和共产主义必然胜利的规律,资本主义国家无产阶级与资产阶级斗争的规律,,B,易,单选题
69270,“从空想到科学、从理论到实践、从一国到多国、从取得巨大成就到遭遇重大挫折”，这一特点可以用来概括(    ),资本主义制度的发展,社会主义运动的发展,思想解放运动的发展,资本主义世界市场的发展,,B,易,单选题
69271,十月革命后，列宁说：“我们有权自豪，而且我们确实很自豪，因为我们有幸能够开始建设苏维埃国家，从而开创全世界历史的新时代，由一个新阶级实行统治的时代”。材料中的“新时代”是指(    ),不再参加帝国主义战争,人类社会开始进入社会主义,在俄国开辟出实现现代化的道路,无产阶级革命运动,,B,易,单选题
69272,苏联解体后也在对自身的历史进行着反思，于是有人认为，应该废除了11月7日的节日。可是每年11月7日，仍然有数十万人自发地走上街头，纪念俄国历史上这难忘的一天：“11月7日过去、现在、将来都是人民的节日!”这表明今天的俄罗斯人对哪一件历史事件的积极评价?(    ),十月革命,苏联的解体,马克思主义的诞生,巴黎公社的成立,,A,易,单选题
69273,自由王国是指人们(    ),不再受自然规律和社会规律支配的状态,摆脱了自然和社会关系的奴役，成为自己社会关系主人的状态,允许自由竞争的资本主义状态,处于绝对自由的原始社会状态,,B,易,单选题
69275,空想社会主义“提出了启发工人觉悟的极为宝贵的材料”，但不具备(    ),科学的和实践的品格,实践的力量,科学的品格,现实的意义,,C,易,单选题
69276,科学社会主义之所以能够超越空想社会主义，是因为把争取社会主义的斗争建立在（   ）,科学的思想体系上,共产主义同盟上,社会发展客观规律的基础上,批判空想社会主义上,,C,易,单选题
69277,邓小平指出：“社会主义究竟是个什么样子，苏联搞了很多年，也并没有完全搞清楚，可能列宁的思路比较好，搞个新经济政策，但是后来苏联的模式僵化了。”列宁新经济政策关于社会主义的思路之所以“比较好”是因为（    ）,按照马克思恩格斯关于未来社会的设想来建设社会主义,为俄国找到了一种比较成熟的社会主义发展模式,根据俄国的实际情况来探索社会主义建设的道路,提出了比较系统的社会主义建设纲领,,C,易,单选题
69279,社会主义制度与资本主义制度相区别的根本标志是（    ）,人民当家作主,较高的劳动生产率,生产资料私有制,生产资料公有制,,D,易,单选题
69280,"某地区进入供暖季后常常出现雾霾，而一旦出现大风天气或等到春暖花开后，雾霾就会散去或减少，从该地区较长时间的数据变化看，经过人们努力治霾，污染物排放总量在持续走低;但在某些时段，环境空气质量污染指数会迅速攀升，甚至""爆表""。这种看似""矛盾""的现象凸显了大气污染防治的一大特点：天帮忙很重要，但人努力才是根本。""人努力""与""天帮忙""之间的关系对我们正确处理主观能动性和客观规律之间辩证关系的启示是(　)",尚未认识的外在自然规律对人的实践活动起着至关重要的作用,人类有意识的思想活动是掌握客观规律的根本前提,认识活动是客观规律性与主观能动性相统一的基础,尊重事物的客观规律是正确发挥主观能动性的前提,,D,易,单选题
69281,"有人认为，既然人的意识是对客观外部世界的反映，那么人脑里的""鬼""、""神""意识就是对外在世界上鬼、神真实存在的反映。这种观念的错误在于(　)。",夸大意识的能动作用,认为意识是对存在的直观反映,把意识看成是物质的产物,混淆了人类意识自然演化的阶段,,B,易,单选题
69283,从历史发展的角度看，资本主义生产资料所有制是不断演进和变化的。当今资本主义社会居主导地位的资本所有制形式是(　),私人股份资本所有制,私人资本所有制,垄断资本私人所有制,法人资本所有制,,D,易,单选题
69284,"《百喻经》中有一则寓言：有一个愚人到别人家去做客，他嫌菜没有味道，主人就给他加了点盐，菜里加盐以后，味道好极了。愚人就想：""菜之所以鲜美，是因为有了盐。加一点点就如此鲜美，如果加更多的盐，岂不更加好吃？""回家之后，他把一把盐放进嘴里，结果又苦又咸。这则寓言给我们的启示是（）",在认识和处理问题时要掌握适度的原则,不可能通过一些现象而去认识某个事物的本质,在事物的发展过程中要时时注意事物的自我否定,持续的量变会引起事物发生质的变化,,A,易,单选题
69285,"有一种观点认为：""自由不在于幻想中摆脱自然规律而独立，而在于认识这些规律，从而能够有计划地使自然规律为一定的目的服务""。还有一种观点认为，""'自由'倒过来就是'由自'，因此'自由'等于'由自'，'由自'及是随心所欲""。这两种关于自由的观点（）",前者是主观唯心主义的观点，后者是唯物辩证法的观点,前者是历史唯心主义的观点，后者是历史唯物主义的观点,前者是唯物辩证的观点，后者是唯意志论的观点,前者是机械唯物主义的观点，后者是唯心主义的观点,,C,易,单选题
69287,"20世纪70年代以来，西方资本主义国家的金融资本急剧膨胀，这一方面促进了资本主义的发展，另一方面造成了经济过度虚拟化，致使金融危机频繁发生,西方资本主义金融资本快速发展壮大的重要制度条件是(  )",去工业化与大力发展现代化服务业,技术创新与大力发展互联网金融,全面私有化与放松金融监管,金融自由化与金融创新,,D,易,单选题
69288,"中国工程院院士袁隆平曾结合自己的科研经历，语重心长地对年轻人说：""书本知识非常重要，电脑技术也很重要，但是书本电脑里种不出水稻来，只有在田里才能种出水稻来。""这表明（）",实践是人类认识的基础和来源,实践水平的提高有赖于认识水平的提高,理论对实践的指导作用没有正确与错误之分,由实践到认识的第一次飞跃比认识到实践的第二次飞跃更加重要,,A,易,单选题
69289,社会存在决定社会意识，社会意识是社会存在的反映。社会意识具有相对独立性，即它在反映社会存在的同时，还有自己特有的发展形式和规律。社会意识相对独立性最突出的表现是(),社会意识与社会存在发展的不完全同步性,社会意识内部各种形式之间的相互作用和影响,社会意识各种形式各自具有其历史继承性,社会意识对社会存在具有能动的反作用,,D,易,单选题
69290,"第二次世界大战以后，资本主义国家经历了第三次科技革命，机器大工业发展到自动化阶段。只能化工厂创造出了较高的生产效率，显露出巨大的竞争力。企业在""机器换人""中取得了一定的经济效益。这意味着率先使用机器人的个别企业()",资本技术构成的提高,剩余价值来源的改变,获得更多的社会平均利润,所生产商品价值提高,,A,易,单选题
69291,马克思主义政党是科学社会主义与工人运动相结合的产物，是工人阶级的先锋队，这表明(),马克思主义政党即工人阶级本身,马克思主义政党的阶级性是其先进性的根本前提,马克思主义政党的先进性决定了工人阶级的先进性,马克思主义政党以工人阶级为基础,,D,易,单选题
69292,"爱迪生在发明电灯之前做了两千多实验，有个年轻的记者曾经问他为什么遭遇这么多次失败。爱迪生回答：""我一次都没有失败。我发明了电灯。这只是一段经历了两千步的历程。""爱迪生之所以说""我一次都没有失败""，是因为他把每一次实验都看作()",实践中可以忽略不计的偶然挫折,认识中所获得的相对真理,整个实践过程中的一部分,对事物规律的正确反映,,C,易,单选题
69293,"俄国早期马克思主义理论家普列汉诺夫说，绝不会有人去组织一个""月食党""以促进或阻止月食的到来，但要进行社会革命就必须组织革命党，这是因为社会规律与自然规律有所不同，它是()",由多数人的意志决定的,比自然规律更易于认识的规律,通过人的有意识的活动实现的,不具有重复性的客观规律,,C,易,单选题
69294,与第二次世界大战前的资本主义相比，当代资本主义在许多方面已经并正在发生着深刻的变化。正确分析这些新变化发生的原因，有利于我们科学而全面地认识当代资本主义社会。导致当代资本主义新变化发生的根本推动力量是(),工人阶级争取自身权利的斗争,改良主义政党对资本主义制度的改革,社会主义制度的优越性对资本主义的影响,科学技术革命和生产力的发展,,D,易,单选题
69295,"有一副对联，上联是""桔子洲，洲旁舟，舟行洲不行""，下联是""天心阁，阁中鸽，鸽飞阁不飞。""这形象地说明了运动和静止是相互联系的。静止是( )",运动的普遍状态,运动的内在原因,运动的存在方式,运动的衡量尺度,,D,易,单选题
69296,"一位机械工程专家讲过这样一件事：""文革""中，他在某地劳动，有一天公社派他去割羊草。他没养过羊，怎么认得羊草呢?但终于一个办法出来了。他把羊牵出去，看羊吃什么就割什么。不到半天就割回了羊草。这位专家之所以这样做是因为他认识到，""羊吃草""与""割羊草""两者之间存在着( )",本质联系,因果联系,主观联系,必然联系,,A,易,单选题
69297,"《资本论》中有这样的表述：""对上衣来说，无论是裁缝自己穿还是他的顾客穿,都是一样的。""这主要是因为无论谁穿( )",上衣都起着使用价值的作用,上衣都是抽象劳动的结果,上衣都起着价值的作用,上衣都是社会劳动的结果,,A,易,单选题
69299,恩格斯说：“鹰比人看得远得多，但是人的眼睛识别东西远胜于鹰。狗比人具有敏锐得多的嗅觉，但是它连被人当做各种物的特定标志的不同气味的百分之一也辨别不出来。”人的感官的识别能力高于动物，除了人脑及感官发育得更加完善之外，还因为(),人不仅有理性还有非理性,人不仅有知觉还有想象,人不仅有感觉还有思维,人不仅有生理机能还有心理活动,,C,易,单选题
69301,在资本主义社会里，资本家雇佣工人进行劳动并支付相应的工资。资本主义工资的本质是（ ）,工人所获得的资本家的预付资本,工人所创造的剩余价值的一部分,工人劳动力的价值或价格,工人全部劳动的报酬,,C,易,单选题
69302,"2011年9月以来美国爆发的""占领华尔街""抗议活动中，示威者打出""我们是99%""的标语，向极富阶级表示不满。漫画所显示的美国社会财富占有的两极分化，是资本主义制度下（ ）",生产社会化的必然产物,劳资冲突的集中体现,虚拟资本泡沫化的恶果,资本积累的必然结果,,D,易,单选题
99695,质量互变规律揭示了（）,事物发展的形式和状态,事物发展的动力和源泉,事物发展的两种趋势,事物发展的道路和方向,,A,易,单选题
1,作为一个完整的科学体系，马克思主义理论体系的三个主要组成部分是（ ）,马克思主义哲学,马克思主义政治学,马克思主义政治经济学,科学社会主义,,ACD,易,多选题
2,作为马克思主义产生阶级基础的19世纪三大工人起义是（ ）,1831年和1834年法国里昂工人两次起义,巴黎公社,1844年德国西里西亚工人起义,1838年在英国爆发的延续十余年的宪章运动,,ACD,易,多选题
3,马克思主义产生的直接理论渊源是（ ）,英国古典政治经济学,法国英国的空想社会主义,法国启蒙思想,德国古典哲学,,ABD,易,多选题
4,马克思恩格斯最重要的理论贡献是（ ）,剩余价值学说,唯物史观,辩证法,劳动价值论,,AB,易,多选题
5,马克思主义哲学产生的自然科学前提是( ),细胞学说,达尔文的生物进化论,能量守恒和转化定律,地理学的重大发现,,ABC,易,多选题
6,"我国古代哲学家王夫之认为：""动静者，乃阴阳之动静也。""""皆本物之固然。""""静者静动，非不动也。""""静即含动，动不含静。""""动、静，皆动也。""这在哲学上表达了（ ）",静止是运动的特殊状态,运动是物质的固有属性,运动是静止的总和,静止是相对的，运动是绝对的,静止是绝对的，运动是相对的,ABD,易,多选题
7,"马克思说：""社会生活在本质上是实践的。""这一命题的主要含义是（ ）",实践形成了社会生活的基本领域,实践构成了社会发展的动力,实践是社会历史的主体,实践是社会关系形成的基础,实践是社会历史的客体,ABD,易,多选题
8,下列选项中，属于哲学基本问题内容的有（ ）,物质和意识何者为第一性的问题,物质世界是否运动发展的问题,物质世界是否普遍联系的问题,物质世界可不可以认识的问题,矛盾是不是事物发展源泉的问题,AD,易,多选题
9,唯心主义的基本形态是（ ）,主观唯心主义,先验唯心主义,客观唯心主义,历史唯心主义,绝对唯心主义,AC,易,多选题
10,坚持从实际出发就要反对（ ）,从主观愿望出发,从经验出发,从中国的具体国情出发,从外国模式出发,从书本教条出发,ABDE,易,多选题
11,下列哪些活动属于人的意识活动（ ）,审时度势,饥餐渴饮,趋利避害,神机妙算,胡思乱想,ADE,易,多选题
12,物质和意识的辩证关系是（ ）,物质和意识平行向前发展，谁也不决定谁,意识是物质的根源,物质对意识有决定作用,物质第一性意识第二性,意识对物质有能动的反作用,CDE,易,多选题
13,马克思指出：“观念的东西不外是移入人的头脑并在人的头脑中改造过的物质的东西而已.”这段话体现了（）,观念既是主观的又是客观的,观念的东西不同于物质的东西,观念是第一性的，物质是第二性的,物质是第一性的，观念是第二性的,观念是物质的东西在人头脑中的反映,ABDE,易,多选题
14,"""先有计划，后有工作；先有图纸，后有房子""这是（ ）",意识活动的目的性和计划性,意识决定物质,意识对物质有能动作用,意识对自身心理活动有控制作用,物质的多样性,AC,易,多选题
15,“机不可失，时不再来”、“光阴一去不复还”表明指的是（ ）,时间的重要性,时间的一维性,时间的间断性,时间的不可逆性,时间的连续性,BD,易,多选题
16,"列宁说：""物质是标志客观实在的哲学范畴，这种客观实在是人通过感觉感知的，它不依赖于我们的感觉而存在，为我们的感觉所复写、摄影、反映.""其含义是（ ）",物质是属于共性的范畴,物质是可以认识的,物质是主观的产物,物质是看得见、摸得着的,物质的唯一特性是客观实在性,ABE,易,多选题
17,意识是（ ）,对客观世界的反映,人的头脑里固有的,有客观内容的,客观内容和主观形式的统一,人脑的机能,ACDE,易,多选题
18,物质运动的基本形式包括（ ）,社会运动,化学运动,生物运动,物理运动,机械运动,ABCDE,易,多选题
19,唯物辩证法着重回答的是（ ）,世界本原问题,世界是“怎么样”的问题,世界状态问题,世界“是什么”的问题,,BC,易,多选题
20,辩证法和形而上学对立的主要表现是（ ）,联系观点与孤立观点的对立,运动观点与静止观点的对立,承认矛盾与否认矛盾观点的对立,全面观点与片面观点的对立,,ABCD,易,多选题
21,事物的根本性质未变，但比较次要的性质发生了变化，这是（ ）,总的量变过程中的部分质变,阶段性的部分质变,发展的连续过程的中断,质变过程中量的扩张,,AB,易,多选题
22,下面哪种现象是爆发式飞跃（ ）,火山爆发,地震海啸,电闪雷鸣,生产工具革新,,ABC,易,多选题
23,矛盾解决的方式有（ ）,一方克服另一方,双方共存、互相促进,双方归于融合,双方“同归于尽”,,ABCD,易,多选题
24,以下各项中符合矛盾普遍性原理的有（ ）,矛盾是最普遍的哲学范畴，整个世界充满了矛盾,矛盾贯穿于一切事物发展过程的始终，即矛盾无时不有,矛盾存在于一切事物中，即矛盾无处不在,矛盾存在于自然界、人类社会和人类思维一切领域,,ABCD,易,多选题
25,“知己知彼，百战不殆”这句话符合（ ）,矛盾主要方面和次要方面关系的原理,内因和外因关系的原理,主要矛盾和次要矛盾关系的原理,矛盾分析方法的原则,,AD,易,多选题
26,事物发展的螺旋式进程的重要特征是（ ）,周期性或曲折性,必然性或偶然性,前进性或上升性,间断性或连续性,,AC,易,多选题
27,对立统一规律是唯物辩证法的实质和核心，是因为它（ ）,揭示了事物发展的方向和道路,揭示了事物普遍联系的本质内容,揭示了事物发展的源泉和动力,是贯穿于辩证法其他规律和范畴的主线,,BCD,易,多选题
28,矛盾同一性在事物发展中的作用表现在（ ）,推动矛盾双方的力量对比和相互关系发生变化,保持事物相对稳定，为事物的存在和发展提供必要前提,规定事物向对立面转化的基本趋势,矛盾双方互相吸取有利于自身的因素而得到发展,,BCD,易,多选题
29,"恩格斯说：""当我们深思熟虑地考察自然界或人类历史或我们自己的精神活动的时候，首先呈现在我们眼前的，是一幅由种种联系和相互作用无穷无尽地交织起来的画面。""这段话所包含的辩证法观点有（ ）",联系是客观世界的本性,一切事物都处于相互联系之中,联系既是普遍的又是复杂多样的,世界是一个相互联系的统一整体,,ABCD,易,多选题
30,下列选项中，属于矛盾斗争性表现的有（ ）,两岸同胞与“台独”势力的对立,敌对阶级之间的对立,发达国家与发展中国家的不平等交换,生物界的生存竞争,,ABCD,易,多选题
31,下列表述中，体现矛盾特殊性的有（ ）,物极必反，相反相成,因材施教，因人而异,因时制宜，因地制宜,对症下药，量体裁衣,,BCD,易,多选题
32,下列选项中，体现坚持适度原则的有（ ）,适可而止,掌握火候,过犹不及,注意分寸,,ABCD,易,多选题
33,下列命题中，属于量变引起质变表现的有（ ）,绳锯木断，水滴石穿,积羽沉舟，集腋成裘,千里之堤，溃于蚁穴,不积细流，无以成江海,,ABCD,易,多选题
34,主体与客体相互作用的过程包括以下环节（ ）,通过改造主观世界而支配客观世界的运行,通过改造客观世界而支配主观世界的运行,确定实践目的和实践方案,通过一定的实践手段把实践方案变成实际的实践活动,通过反馈和调节，使实践目的、手段和结果按一定方向运行,CDE,易,多选题
35,实践在认识中的决定作用表现在（ ）,实践提出了认识的课题,实践是认识的唯一来源,实践是检验认识真理性的唯一标准,实践使认识得以产生和发展,实践创造出必要的物质条件和手段，使认识成为可能,ABCDE,易,多选题
36,"""批判的武器当然不能代替武器的批判，物质的力量只能用物质的力量来摧毁，理论一经群众掌握，也会变成物质力量。""这一论断的哲学思想是（）",理论的作用可以通过实践表现出来,理论本身就是物质的力量,理论不能代替实践,理论对实践具有指导作用,理论优于实践,ACD,易,多选题
37,"""单凭观察所得的经验，是决不能充分证明必然性的。这是如此正确，以至于不能从太阳总是在早晨升起来判断它明天会再升起。""恩格斯这段话的含义是（ ）",归纳方法不是万能的,感性认识有待于上升为理性认识,感性认识具有局限性,感性认识是不可靠的,事物的必然性与感性、经验性毫无关系,ABC,易,多选题
38,真理原则和价值原则的区别是（ ）,真理原则说明人的活动的客观制约性，价值原则表明人的活动的目的性,真理原则侧重于现实性，价值原则侧重于理论性,真理原则侧重于客体性，价值原则侧重于主体性,真理原则体现了人的活动中的统一性，价值原则体现了社会活动中的多样性,真理原则侧重于主观性，价值原则侧重于主体性,ACD,易,多选题
39,马克思主义认识论区别于旧唯物主义认识论的显著特点有（ ）,把辩证法应用于认识论,把科学的实践观引入认识论,把可知论引入认识论,认为认识的本质是在实践基础上主体对客体的能动反映,把唯物主义引入认识论,ABD,易,多选题
40,正确反映理论与实践的关系的观点是（ ）,实践与理论是相互决定的,实践对理论具有指导作用,理论对实践具有决定作用,理论对实践具有指导作用,实践对理论具有决定作用,DE,易,多选题
41,实践的基本特点是（）,革命性,能动性,客观性,社会历史性,阶级性,BCD,易,多选题
42,下列哪些活动属于最基本的实践活动（ ）,警察追捕罪犯,运动员比赛,工人炼钢,农作物新品种的研究,渔民捕鱼,CE,易,多选题
43,科学实验是（ ）,从生产实践中分化出来的尝试性、探索性的实践活动,"暂时撇开认识对象的复杂联系,排除各种偶然因素的干扰,从而发现其本质和规律的活动",处理人与人之间关系的社会性活动,"运用实践手段,把认识对象放在理想的环境中进行探索的活动",为成功地改造世界提供必要的知识的活动,ABDE,易,多选题
44,认识的主体（ ）,从事实践活动的人,处于一定社会关系中的人,一切事物,包括个人和集体,具有自然属性、思维属性和社会属性的人,ABDE,易,多选题
45,认识的客体的属性有（ ）,客观性,社会历史性,创造性,对象性,自然性,ABD,易,多选题
46,认识主体的特点是（ ）,实践性,创造性,自主性,社会性,主动性,ABCDE,易,多选题
47,认识的客体就是（ ）,客观事物,进入主体活动范围的客观事物,一定历史条件下认识的对象,世界上一部分对象化的事物,物质,BCD,易,多选题
48,实践和认识的辩证关系是（ ）,认识对实践有能动作用,认识对实践有指导作用,实践决定认识,认识和实践互相决定,实践是认识的基础,ABCE,易,多选题
49,社会劳动在人类认识发生的过程中起着决定作用，表现在（ ）,社会劳动促进了人类语言的产生,社会劳动的发展促进了人类认识器官的进化,社会劳动促进了人类的社会交往,社会劳动的发生和发展，提供了人类认识活动的可能性,社会劳动的发生和发展，提供了人类认识活动的必要性,ABCDE,易,多选题
50,"认识的辩证过程包括两个阶段,它们分别是（ ）",从感性认识到理性认识的过程,从摹写到创造的过程,从感觉到知觉的过程,从判断到推理的过程,从理性认识到实践的过程,AE,易,多选题
51,下列各项正确反映感性认识与理性认识的关系有（ ）,感性认识和理性认识是绝对对立的,理性认识中包含着感性认识,理性认识依赖于感性认识,感性认识有待于发展到理性认识,感性认识中包含着理性认识,BCDE,易,多选题
52,下列各项属于感性认识的形式的有（）,推理,概念,知觉,感觉,表象,CDE,易,多选题
53,直接经验和间接经验的关系是（ ）,直接经验可靠，间接经验不可靠,直接经验不可靠，间接经验可靠,二者统一的基础是实践,源与流的关系,,CD,易,多选题
54,人类活动的两项基本原则是（ ）,发展原则,价值原则,真理原则,辩证法原则,唯物主义原则,BC,易,多选题
55,实践之所以成为检验真理的唯一标准，可以从两个方面去理解（ ）,真理的本性要求主观的认识同客观事物的本质及其规律相一致,逻辑证明仍需实践的检验,实践的特性决定唯有通过实践，才能使主观的认识转化为客观的现实,承认实践是检验真理的唯一标准，并不是否定逻辑证明的作用,实践作为检验真理的标准，既是确定的，又是不确定,AC,易,多选题
56,我国正在进行的改革是（ ）,生产关系中不适应生产力的某些方面和环节的改革,根本政治制度的改革,根本经济制度的改革,上层建筑中不适应经济基础的某些方面和环节的改革,,AD,易,多选题
57,下列各项属于上层建筑的有（ ）,大学,法院,图书馆,军队,,BD,易,多选题
58,物质资料的生产方式对社会发展的决定作用表现在（　　）,它规定了社会制度的性质,它是社会制度变革的根本力量,它决定了社会的基本面貌,它是社会存在和发展的物质基础,,ABCD,易,多选题
59,社会物质生活条件包括（　　）,地理环境,人口因素,国家政治制度,生产方式,,ABD,易,多选题
60,"马克思说：“无论哪一种社会形态 , 在它所能容纳的全部生产力发挥出来以前 , 
是决不会灭亡的；而新的更高的生产关系 , 在它存在的物质条件在旧社会的胞胎里 
成熟以前 , 是决不会出现的。” 这段话说明 (  )",生产力的发展是促使社会形态更替的最终原因,"无论哪一种社会形态 , 当它还能够促进生产力发展时 , 是不会灭亡的",社会形态总是具体的、历史的,一种新的生产关系的产生需要客观的物质条件的成熟,,ABCD,易,多选题
61,生产关系的客观性是指 (   ),人们不能随意创造或消灭某种生产关系,人们不能自由选择生产关系,生产关系是社会有机体中客观实在的组成部分,生产关系是社会上层建筑的物质基础,,ABCD,易,多选题
62,"经济基础对上层建筑的决定作用 , 主要表现在 ( )",经济基础决定上层建筑是否包括自然科学,经济基础决定上层建筑是否具有反作用,经济基础决定上层建筑的性质,经济基础决定上层建筑的产生、变化与发展,,CD,易,多选题
63,马克思对阶级斗争学说的新贡献是（ ）,发现阶级和阶级斗争的存在,说明阶级斗争必然导致无产阶级专政,指出阶级斗争的长期性,论证了阶级的存在与生产发展的一定历史阶段相联系,,BD,易,多选题
64,“劳动创造了人”的基本根据是（ ）,劳动使人的意识得以形成,劳动使人们结成了社会关系,劳动推动语言的产生和发展,劳动创造了生产工具并使猿手变成了人手,,ABCD,易,多选题
65,唯物史观的基本观点是（ ）,阶级斗争是阶级社会发展的直接动力,人民群众是历史的创造者,社会意识决定社会存在,社会存在决定社会意识,,ABD,易,多选题
66,认为“历史者英雄之舞台也，舍英雄几无历史”的观点，属于（ ）,宿命论,唯物史观,群众史观,唯心史观,英雄史观,DE,易,多选题
67,群众观点是无产阶级政党的基本观点，它的主要内容有（ ）,相信群众自己解放自己,一切向群众负责,从群众中来，到群众中去,全心全意为人民服务,,ABD,易,多选题
68,唯心史观的根本缺陷是（ ）,没有客观地说明人民群众的活动,没有考察人们历史活动地思想动机背后的物质动因,承认杰出人物在历史发展中的重大作用,承认意识的能动作用,,AB,易,多选题
69,下列各对矛盾属于社会基本矛盾的有（　）,个人与社会之间的矛盾,人与自然之间的矛盾,剥削阶级和被剥削阶级之间的矛盾,经济基础和上层建筑之间的矛盾,生产力和生产关系之间的矛盾,DE,易,多选题
70,人民群众是一个历史范畴，在不同国家或同一国家的不同历史时期，其包括的内容是不完全相同的。下列各项属于我国现阶段人民群众范畴的有( ),民营企业的创业人员,工人阶级,中介组织的从业人员,广大农民,受聘于外资企业的管理技术人员,ABCDE,易,多选题
71,下面关于经济规律的表述，正确的是（      ）,随经济条件的改变而改变,具有客观性,人们可以认识和利用经济规律,人们认识和利用经济规律带有阶级性,是指经济现象和经济过程内在的、本质的、必然的联系,ABCDE,易,多选题
72,科学技术是生产力，是因为（     ）,科学技术是生产力发展的根本动力,生产力中的人的因素和物的因素都与科学技术相联系,科学技术可以通过人的劳动而形成社会生产力,科学技术是生产力中的一个独立要素,,BC,易,多选题
73,经济制度与经济体制的关系是（      ）,经济制度相同的国家，可以有不同的经济体制,经济制度不同的国家，在经济体制上也可以取长补短,一个国家的经济制度不变，在不同的历史时期也可以有不同的经济体制,经济体制是经济制度的具体组织形式和管理制度,经济制度是经济体制的基础,ABCDE,易,多选题
74,价值是商品的社会属性，它反映（  ）,不同生产部门的生产者之间的相互关系,不同商品之间的关系,同一类商品的不同商品之间的关系,同一生产部门内部不同商品生产者之间的相互关系,不同生产部门之间的相互关系,ACDE,易,多选题
75,劳动生产率与商品的使用价值量和价值量的关系是（   ）,与单位时间内生产的商品的使用价值量成正比,与单位商品的价值量成反比,与单位时间内创造的商品的价值量无关系,与单位时间内创造的商品的价值量成正比,与单位商品的价值量成正比,ABC,易,多选题
76,私有制商品经济存在的基本条件是（      ）,产品能优价出售,存在社会分工,存在人们对消费品的需求,生产资料和产品属于私人所有,存在商品交换和市场条件,BD,易,多选题
77,生产商品的私人劳动能否转化为社会劳动的条件是（      ）,私人劳动生产的产品是否为社会所需要,商品生产者所推动的物化劳动是大还是小,决定于所生产商品的数量多或少,决定于生产过程中劳动者所支出的劳动数量的多或少,生产商品的劳动是否属于社会劳动的一部分,AE,易,多选题
78,商品的价格（      ）,与货币价值量的变动成正比,与商品本身的价值量变动成反比,与货币价值量的变动成反比,与商品本身的价值量变动成正比,与市场的商品供求关系密切相关,CDE,易,多选题
79,汽车的价格比自行车高，其原因是（    ）,汽车的功能比自行车强,汽车的价值比自行车的价值大,生产汽车所耗费的抽象劳动比自行车多,物以稀为贵，汽车比自行车少,生产汽车的社会必要劳动时间比自行车大,BCE,易,多选题
80,商品价格是由商品价值与货币价值共同决定的，因此（     ）,商品价格与货币价值呈反方向变化,商品价格以商品价值为中心，围绕价值上下波动,商品价格与纸币发行量成正比,商品价格与商品价值呈正方向变化,商品价格与商品供求关系互相影响,ABCDE,易,多选题
81,市场上，买卖双方讨价还价，展开竞争，卖者不能无限抬高价格，买者也不能无限压低价格。因为价格受多种因素的影响。这些因素包括（   ）,商品本身的使用价值,国家对价格的监督和管理,市场供求关系的影响,买卖双方的竞争力,商品本身的价值,BCDE,易,多选题
82,简单商品经济中所包含的各种矛盾主要是（     ）,私人劳动和社会劳动的矛盾,使用价值和价值的矛盾,局部劳动和整体劳动的矛盾,价值和交换价值的矛盾,具体劳动和抽象劳动的矛盾,ABE,易,多选题
83,货币作为支付手段支付（  ）,工资,租金,地租,利息,债务,ABCDE,易,多选题
84,货币的两个最基本的职能是（     ）,世界货币,价值尺度,贮藏手段,流通手段,支付手段,BD,易,多选题
85,商品的价格表说明（    ）,商品价格的高低,货币在充当商品交换的媒介,货币在执行价值尺度的职能,货币是社会财富的一般代表,价格是商品价值的货币表现,ACE,易,多选题
86,在当代社会，货币供应量包括（     ）,电子货币,纸币（现金）,白银,黄金,信用货币,ABE,易,多选题
87,商品流通和货币流通的联系是（     ）,商品经过买卖退出流通，货币仍继续在流通中充当交换媒介,货币流通决定商品流通,货币经过一次交换退出流通，商品仍在流通中充当交换媒介,商品和货币都同时投入流通和退出流通,商品流通决定货币流通,AE,易,多选题
88,在价值形式中，等价形式的特点是（  ）,价值成为使用价值的表现形式,使用价值成为价值的表现形式,抽象劳动成为具体劳动的表现形式,私人劳动成为社会劳动的表现形式,具体劳动成为抽象劳动的表现形式,BDE,易,多选题
89,一定时期商品流通中所需要的货币是取决于（   ）,流通中的商品数量,货币流通的速度,商品的价格水平,商品生产的劳动生产率的高低,,ABC,易,多选题
90,价格受市场供求的影响，围绕着价值上下波动，不是对价值规律的否定，而是价值规律作用的表现形式。这是因为（  ）,从商品交换的较长时间看，价格与价值是趋于一致的,从商品交换的总体上看，价格总额与价值总额是相等的,各种商品价格的波动，是以各自的价值为基础的,商品交换都是按价格与价值相一致的原则进行的,价格的各种变化不会无限脱离价值，说明价格归根到底受价值制约,ABCE,易,多选题
91,价值规律在私有制商品经济中的作用表现为（  ）,引起和促进商品生产者的优胜劣汰和两极分化,促进社会再生产有计划按比例地进行,自发地调节生产资料和劳动力在社会各生产部门之间的分配比例,促使商品生产者改进技术、改善经营管理，刺激社会生产力的发展,,ACD,易,多选题
92,价值规律作用的实现依赖于（    ）,市场竞争,劳动生产率的提高,资源的有效配置,价格波动,供求关系的变化,ADE,易,多选题
93,资本主义生产过程的结果是（ ）,转移了生产资料的价值,创造出剩余价值,再生产劳动力的价值,生产出新的使用价值,,ABCD,易,多选题
94,劳动力商品的价值包括（ ）,养育子女所需要的生活资料价值,劳动者的教育和培训费用,劳动者维持生产所必需的生产资料价值,维持劳动者生存所需要的生活资料价值,,ABD,易,多选题
95,资本区分为不变资本和可变资本的意义在于（ ）,为计算资本周转速度提供了依据,进一步揭示了剩余价值的真正源泉,为平均利润、生产价格理论奠定了基础,为计算剩余价值率提供了科学依据,,BCD,易,多选题
96,在数量上相当于平均利润的剥削收人有（ ）,银行利润,商业利润,借贷利息,产业利润,,ABD,易,多选题
97,在资本主义现实中，剩余价值是采取各种转化形式出现的，它们有（ ）,利润,成本,工资,利息,,AD,易,多选题
98,剩余价值规律（ ）,反映资本主义生产的实质,决定资本主义生产的主要方面和主要过程,揭示资本主义生产的目的和达到目的的手段,在资本主义社会起主导作用,,ABCD,易,多选题
99,纺织厂的资本家购买的用于生产的棉花属于（ ）,固定资本,不变资本,可变资本,流动资本,,BD,易,多选题
100,资本主义劳动过程同其他劳动过程相比较体现出来的特点是（ ）,劳动产品归资本家所有,创造新的价值,工人在资本家监督下劳动，他们的劳动属于资本家,创造新的使用价值,,AC,易,多选题
101,反映资本家对工人的剥削程度的公式是（ ）,剩余价值／全部预付资本,剩余价值／可变资本,剩余劳动时间／必要劳动时间,年剩余价值量／预付可变资本,,BC,易,多选题
102,马克思关于资本有机构成学说论证了（ ）,利润率的下降趋势,平均利润率的形成,相对过剩人口的形成,技术进步条件下生产资料生产的优先增长,,ACD,易,多选题
103,资本积累规模的大小取决于（ ）,预付资本量的大小,对工人的剥削程度,所用资本和所费资本之间的差额,劳动生产率的高低,,ABCD,易,多选题
104,第二次世界大战后，发达资本主义国家工人工作日有所缩短，这表明（）,劳动生产率明显提高,必要劳动时间大为缩短,相对剩余价值成为主要剥削形式,对工人剥削程度有所减轻,,ABC,易,多选题
105,绝对剩余价值生产、相对剩余价值生产和超额剩余价值生产的关系是（ ）,超额剩余价值生产是绝对剩余价值生产的出发点,相对剩余价值生产是绝对剩余价值生产的出发点,超额剩余价值生产是变相的相对剩余价值生产,绝对剩余价值生产是相对剩余价值生产的出发点,,CD,易,多选题
106,资本积累和扩大再生产的客观必然性是由（ ）,社会再生产的规律决定的,竞争规律决定的,社会再生产的形式决定的,剩余价值规律决定的,,BD,易,多选题
107,下列现象掩盖资本主义剥削实质的是（ ）,资本主义利润是全部预付资本的产物,不变资本只是剩余价值生产的条件,资本总是表现为一定的物,资本主义工资是工人全部劳动的报酬,,AD,易,多选题
108,土地、资本等生产要素参与价值分配表明（ ）,其实质是生产要素所有权在经济上的实现,各种非劳动生产要素参与了社会财富的创造并且是价值创造的物质条件,各种非劳动生产要素和劳动力要素（工人的劳动）共同创造价值,各种非劳动生产要素是价值的源泉,,AB,易,多选题
109,剩余价值与利润这两个范畴之间的关系是（ ）,利润掩盖了剩余价值的真正源泉,利润是剩余价值的转化形式,剩余价值是利润的本质,剩余价值是利润的转化形式,,ABC,易,多选题
110,资本主义积累过程总是伴随着资本有机构成提高，资本有机构成提高的直接后果是（ ）,对劳动力需求减少,个别资本增大,生产资料优先增长,平均利润率下降,,ACD,易,多选题
111,资本主义国家的职能的两个基本方面是（ ）,行政职能,立法司法职能,对外职能,对内职能,,CD,易,多选题
112,资本主义的国家机器包括（）,监狱、法庭,政府机构,资产阶级政党,军队、警察,,ABD,易,多选题
113,资本主义国家的对内职能主要有（）,维护国家安全和利益的职能,对邮政、铁路、水路、文教、卫生保健、社会福利等事业进行管理的公共管理职能,对被统治阶级进行压迫和控制的政治职能,进行国际交往的职能,,BC,易,多选题
114,与奴隶制、封建制国家相比，资本主义国家（）,经济上要求自由竞争、等价交换,代表绝大多数人的根本利益,政治上对多数人实行民主，对少数人实行专政,政治上要求形式上的自由民主、正义平等,,AD,易,多选题
115,资本主义政治制度包括（）,政治组织形式,资本主义的民主与法制,选举制度,政党制度,,ABCD,易,多选题
116,资产阶级在反对封建专制主义的斗争中提出了（）,主权在民,天赋人权与社会契约论,分权制衡,自由、平等、博爱,,ABCD,易,多选题
117,资本主义法制的基本原则有（ ）,主权在民,分权制衡,私有财产不可侵犯,人们当家作主,,ABC,易,多选题
118,资本主义政权的分权制衡是指（）,司法权,管理权,立法权,行政权,,ACD,易,多选题
119,资产阶级政党在国家政治生活中发挥着很大作用，包括（）,代表资产阶级执掌政权，对政府施加影响、控制议会,控制群众团体和舆论宣传,制定和推行符合资产阶级利益的方针、政策,操纵选举,,ABCD,易,多选题
120,资产阶级意识形态在资产阶级取得政权以前的积极作用有（）,保证资产阶级的胜利,批判封建主义和宗教神学,为资产阶级建立国家提供理论依据,启发民众进行资产阶级革命,,ABCD,易,多选题
121,资产阶级意识形态的本质是（）,是资产阶级阶级意识的集中体现,在一定程度上代表了人民的意志和愿望,集中地体现了资本主义国家文化的精华,是为资本主义社会形态的经济基础服务的,,AD,易,多选题
122,18 世纪空想社会主义者的理论贡献包括（    ）,认识到无产阶级是变革社会，建立社会主义制度的社会力量,深刻揭露并批判了资本主义社会的弊端,认为社会发展有一定规律，得出社会主义必然代替资本主义的结论,对未来社会提出许多积极主张和天才设想,,BD,易,多选题
123,19世纪中叶，马克思恩格斯把社会主义由空想变为科学，奠定这一飞跃的理论基石是（　  ）,剩余价值理论,劳动价值论,唯物史观,阶级斗争学说,,AC,易,多选题
124,社会主义实现模式多样化的原因在于（    ）,民族特性不同,地域环境不同,政治经济文化水平的发展不同,历史传统不同,,ABCD,易,多选题
125,经济文化相对落后的国家建设社会主义之所以是长期的和艰巨的，是因为（    ）,马克思主义执政党对社会主义发展道路和建设规律的探索是一个过程,商品经济不发达，生产力落后,社会主义国家从诞生之日起，就处在资本主义世界的包围之中，受到资本主义列强的遏制和扼杀,封建主义传统长，缺乏近代民主的传统,,ABCD,易,多选题
126,社会主义社会的主要特征有（    ）,按劳分配,剥削制度的消灭和在生产资料所有制上坚持以公有制为主体,实行无产阶级专政,大力发展社会主义市场经济,,ABCD,易,多选题
127,无产阶级要建立自己的政党必须具备的条件是（    ）,加强各国无产阶级之间的联合,工人运动的一定发展,科学社会主义理论的传播和指导,有一定数量的无产阶级,,BCD,易,多选题
128,列宁关于过渡方式探索模式包括（    ）,"""全面进攻""",新经济政策,战时共产主义,优先发展重工业,,BC,易,多选题
129,在早期空想社会主义代表中，被称为姊妹篇的是（    ）,《乌托邦》,《太阳城》,《论实业制度》,《自然法典》,,AB,易,多选题
130,2011年4月，耶鲁大学出版了《马克思为什么是对的》一书，书中列举了当前西方社会10个典型的歪曲马克思主义的观点。其中一种观点认为：马克思主义将世间万物都归结于经济因素，艺术、宗教，政治、法律、道德等都被简单地视为经济的反映，对人类历史错综复杂的本质视而不见，而试图建立一种非黑即白的单一历史观，上述观点是对马克思主义关于经济基础和上层建筑辩证关系思想的严重歪曲，其表现为（）,把意识形态对社会历史始终具有的积极能动作用歪曲为消极被动作用,把社会历史发展多重因素的综合作用歪曲为单一因素决定论,把上层建筑与经济基础的相互作用歪曲为机械的单向作用,"把经济作为社会的""基础""所具有的归根到底的决定作用歪曲为唯一决定作用",,BCD,易,多选题
131,马克思主义是关于无产阶级和人类解放的科学，实现共产主义是全人类解放的根本体现。人类解放包括（）,从旧的社会关系的束缚下解放出来,从旧的传统观念的禁锢下解放出来,从客观规律的制约下解放出来,从自然的压迫下解放出来,,ABD,易,多选题
132,"美国导演迈克尔·穆尔在他的最新记录片《资本主义：一个爱情故事》问世以来，一直颇受关注。""资本主义""为何与""爱情故事""联系起来呢?穆尔解释说，这是一种""贪欲之爱""，喜爱财富的人不仅爱他们自己的钱，也爱你口袋中的钱……很多人不敢说出它的名字，真见鬼，就说出来吧。这就是""资本主义""。对金钱的""贪欲""与资本主义连为一体，是因为",资本就是人格化的资本,追逐剩余价值是资本主义生产方式的绝对规律,资本的生命在于不断运动和不断增值,赚钱体现了人的天然本性,,BC,易,多选题
133,伴随着生产力发展，科技进步及阶级关系调整，当代资本主义社会的劳资关系和分配关系发生了很大变化。其中资本家及其代理人为缓和劳资关系所采取的激励制度有(),职工参与决策制度,职工选举管理制度,职工终身雇佣制度,职工持股制度,,ACD,易,多选题
134,"作家史铁生在《奶奶的星星》中讲道，奶奶告诉他的故事与通常的说法不同：一般人说，地上死一个人，天上就熄灭了一颗星星；而奶奶说，地上死一个人，天上又多了一个星星，人死了就会升到天空，变成星星给走夜道的人照个亮了。于是他""慢慢相信，每一个活过的人，都能给后人的路途上添些光亮，也许是一颗巨星，也许是一把火炬，也许只是一支含泪的烛光……""这对我们理解个人在社会历史的作用的启示有（）",杰出个人决定历史发展的走向,历史是无数个人相互作用的合力的结果,每个人对社会发展都有或大或小的作用,人人都是历史的创造者,,BC,易,多选题
135,"1918年，马寅初在一次演讲时，有一位老农问他：""马教授，请问什么是经济学?""马寅初笑着说：""我给这位朋友讲个故事吧：有个赶考的书生到旅店投宿，拿出十两银子，挑了该旅店标价十两银子的最好房间，店主立刻用它到隔壁的米店付了欠单，米店老板转身去屠夫处还了肉钱，屠夫马上去付清了赊欠的饲料款，饲料商赶紧到旅店还了房钱。就这样，十两银子又到了店主的手里。这时书生来说，房间不合适，要回银子就走了。你看，店主一文钱也没赚到，大家却把债务都还清了，所以，钱的流通越快越好，这就是经济学。""在这个故事中，货币所发挥的职能有（",贮藏手段,支付手段,价值尺度,流通手段,,BCD,易,多选题
136,第二次世界大战结束以来，随着国家垄断资本主义的形成和发展，资产阶级国家对经济进行的干预明显加强，从而使得资本主义社会的经济调节机制发生了显著变化。与这种变化相适应，经济危机形态也发生了很大变化。其主要表现是（）,经济危机更多地表现为金融危机的频繁发生,经济危机的破坏作用只局限于发达资本主义国家,经济危机通常由国家间的贸易失衡直接引发,经济危机各阶段的交替过程已不十分明显,,AD,易,多选题
137,"平衡是事物发展的一种状态，小到体操中人在平衡木上的行走，杂技中的骑车走钢丝，独轮车表演，直升机在空中的悬停，大到人类的生存，地球的运转，天体的运行等等，都是保持平衡的一种状态，世间的万事万物，之所以能不停的运动、发展、前进，一个重要原因就在于保持了平衡，要使""平衡""成为人们的""大智慧""，就要（）",全面理解绝对运动和相对静止的辩证关系,精确把握事物的度,善于协调事物内部各种因素的相互关系,准确掌握辩证否定的方式和方向,,ABCD,易,多选题
138,"马克思主义从必然性和偶然性的辩证统一中理解杰出人物的历史作用,认为（）",杰出人物能够改变历史发展的基本方向,"杰出人物历史作用的形成和发挥与其服务人民群众的意愿,密不可分",杰出人物们因其智慧性格因素对社会进程发生影响,杰出人物的历史作用受到一定历史条件的制约,,BCD,易,多选题
139,"显微摄影是一门使用照相机拍摄显微镜下一般用肉眼无法看清的标本的技术。肉眼中千篇一律的细沙，在显微镜下确实""一沙一世界""。有的晶莹剔透像宝石，有的金黄酥脆像饼干。即使是司空见惯的柴米油盐，在显微镜下也会展现神奇而充满美丽的一面。显微镜下的""一沙一世界""表明（）",事物的本质随着人们的认识的变化而改变,人们可以通过对个别事物的认识而达到对世界整体的把握,任何事物都具有无限多样的属性,人们可以通过制造和使用工具日益深化对客观世界的认识,,BCD,易,多选题
140,"唐朝诗人张若虚《春江花月夜》中的""人生代代无穷已，江月年年只相似""两句诗蕴涵着时间一维性的哲理。下列诗句中蕴涵相同哲理的是（）",溪云初起日沉阁，山雨欲来风满楼,花开堪折直须折，莫待无花空折枝,闲云潭影日悠悠，物换星移几度秋,黑发不知勤学早，白首方悔读书迟,,BCD,易,多选题
141,"马克思说：""一切现实的危机的最终原因始终是：群众贫穷和群众的消费受到限制，而与此对立，资本主义生产却竭力发展生产力，好像只有社会的绝对的消费能力才是生产力发展的界限。""这段论述表明（）",资本积累与无限扩大生产也是经济危机发生的原因,经济危机的发生根本上在于资本主义的基本矛盾,经济危机的发生与群众的贫穷及消费能力受到限制有关,社会的绝对的消费能力导致了经济危机的发生,,ABC,易,多选题
142,20世纪80年代以来，随着冷战的结束，分割的世界经济体系也随之被打破，技术，资本、商品等真正实现了全球范围的流动，各国之间的经济联系日益密切，相互合作、相互依存大大加强，世界进入到经济全球化迅猛发展的新时代。促使经济全球化迅猛发展的因素有（）,出现了适宜于全球化的企业组织形式,科学技术的进步和生产力的快速发展,各国经济体制变革供给出的有利制度条件,企业不断进行的技术创新与管理创新,,ABC,易,多选题
143,1956年，英国人托马斯?莫尔发表了《乌托邦》一书，标志着空想社会主义的诞生，1848年，马克思恩格斯发表了《共产党宣言》，标志着科学社会主义的产生，社会主义实现了从空想到科学的历史性飞跃。科学社会主义超越空想社会主义之处在于（）,对资本主义进行了无情的批判,揭示了资本主义必然灭亡的经济根源,对未来社会进行了细致的描绘,找到了实现理想社会的现实道路,,BD,易,多选题
144,"生物学史，可以说是显微镜的发展史。17世纪中叶，英国科学家使用诞生不久的显微镜观察软木塞，发现了植物细胞，开启了近现代生物学的大门。此后，显微镜的放大能力和成像质量不断提升，人类对细胞的认知也随之深刻和全面。20世纪中叶，科学家们利用X射线晶体学发现了DNA(脱氧核糖核酸)双螺旋结构，人类的观察极限从亚细胞结构推向了分子结构。我国科学家的重要科研成果""剪接体的高分辨率三维结构""的背后，也站着一个默默无闻的英雄--冷冻电子显微镜。显微镜在生物科学发现中的作用表明(　)",人类认识水平的提高与实践条件的进步有着直接的关系,探索未知世界的科学实验是人类最基本的实践活动,实践的主体和客体正是依靠中介系统才能够相互作用,实践主体、客体和中介三者的有机统一构成实践的基本结构,,ACD,易,多选题
145,马克思指出，所谓资本原始积累“只不过是生产者和生产资料分离的历史过程。这个过程所以表现为‘原始的’，因为它形成资本以及与之相适应的生产方式的前史，”资本原始积累的主要途径有(　),用剥削手段榨取剩余价值,用资本手段获取市场暴利,用暴力手段剥夺农民土地,用野蛮手段进行殖民掠夺,,CD,易,多选题
146,当今世界正处在新科技革命和产业革命的交汇点以机器人技术为代表的科技产业发展十分迅速。机器人在生产过程中的广泛使用，使资本有机构成为断提高。然而就一般意义而言，资本有机构成的提高实际上是(　),由资本的本性决定的,社会产生相对过剩人口的一个重要原因,一个社会增长财富和消除贫困的根本途径,不以人的意志为转移的一般趋势,,ABD,易,多选题
147,辩证法认为，联系和发展是通过一系列的基本环节得以实现的。这些基本环节包括：（）,内容与形式,可能与现实,现象与本质,必然与偶然,,ABCD,易,多选题
148,人类的社会生活色彩斑斓，实践活动形式丰富多样，包括：（）,虚拟实践,科学文化实践,社会政治实践,物质生产实践,,ABCD,易,多选题
149,实践主题包括：（）,社会主体,个人主体,群体主体,人类主体,,BCD,易,多选题
22146,从认识到实践，是认识过程的第二次能动的飞跃。,正确,错误,,,,A,中,单选题
22155,社会形态更替的统一性并不排斥社会形态更替形式的多样性。,正确,错误,,,,A,中,单选题
22159,哲学的两大基本派别是辩证法和形而上学。,正确,错误,,,,B,中,单选题
22176,社会主义从空想到科学在人类思想史上具有划时代的意义。,正确,错误,,,,A,中,单选题
22178,社会意识根源于社会存在，是对以实践为基础的不断发展变化的现实世界的反映。,正确,错误,,,,A,中,单选题
22180,在我国一定范围内劳动者的个体经济基础的存在会影响国民经济的社会主义性质,正确,错误,,,,B,中,单选题
22195,任何真理性的认识都是由相对性真理走向绝对性真理转化过程中的一个环节。,正确,错误,,,,A,中,单选题
22203,20世纪80年代末期和90年代初期，东欧剧变、苏联社会主义国家解体并不表明社会主义的失败。,正确,错误,,,,A,中,单选题
22218,劳动生产率越高，生产的单位商品的价值量就越大,正确,错误,,,,B,中,单选题
22223,资本主义政治制度的核心是政党制度,正确,错误,,,,B,中,单选题
22234,任何成功的实践都必然是真理尺度和价值尺度的统一。,正确,错误,,,,A,中,单选题
22244,辩证的否定就是事物完全的自我否定。,正确,错误,,,,B,中,单选题
22252,“劳动价值论”是马克思首先提出的。,正确,错误,,,,B,中,单选题
22256,“人的依赖性关系”是资本主义社会以前的人与人之间的关系。,正确,错误,,,,A,中,单选题
22257,真理与谬误之间的相互关系是在一定条件下可以互相转化的。,正确,错误,,,,A,中,单选题
22263,“城门失火殃及池鱼”与“只见树木不见森林”所包含的真理是截然对立的，他们的分歧是哲学中的两个基本派别的根本分歧。,正确,错误,,,,B,中,单选题
22264,只有既坚持唯物主义，又坚持辩证法，才能全面地认识世界的本质和发展规律。只有达到唯物主义和辩证法的内在统一，才能有科学的彻底的唯物主义和科学的彻底的辩证法。,正确,错误,,,,A,中,单选题
22265,物质和意识的对立在任何范围内都具有绝对的意义,正确,错误,,,,B,中,单选题
22270,在社会主义初级阶段只能讲树立中国特色社会主义共同理想，而不应提树立共产主义远大理想，否则就是脱离实际。,正确,错误,,,,B,中,单选题
22297,资本主义经济危机的实质是生产绝对过剩的危机,正确,错误,,,,B,中,单选题
22299,物质生产活动及生产方式的变化发展决定整个社会历史的变化发展，决定社会形态从低级向高级的更替和发展。,正确,错误,,,,A,中,单选题
22301,非理性因素都能对认识起着积极作用。,正确,错误,,,,B,中,单选题
22305,劳动发展史是理解全部社会发展史的“钥匙”。,正确,错误,,,,A,中,单选题
22306,在社会主义社会中，工阶级已经成为国家政权的重要社会支柱和新社会的主要建设者,正确,错误,,,,A,中,单选题
22310,马克思主义哲学是科学的世界观和方法论，所以它是科学之科学。,正确,错误,,,,B,中,单选题
22312,解决问题必须抓住问题的主要矛盾，主要矛盾解决了，次要矛盾就跟随着解决了。,正确,错误,,,,B,中,单选题
22315,在人们创造历史的活动中，谋事在人，成事在天,正确,错误,,,,B,中,单选题
22323,检验认识真理性的标准可以是思想理论本身，也可以是客观事物。,正确,错误,,,,B,中,单选题
22326,社会主义民主是人类最高类型的民主，具有资本主义民主无可比拟的优越性。,正确,错误,,,,A,中,单选题
22330,无产阶级的历史使命决定了马克思主义的政治立场。,正确,错误,,,,A,中,单选题
22344,人类活动只有在一定的社会关系中才能进行，在社会关系体系中，最基础的关系是家庭关系。,正确,错误,,,,B,中,单选题
22346,“人的思维是否具有真理性，这并不是一个理论的问题，而是一个实践的问题。人应该在实践中证明自己思维的真理性，即自己思维的现实性和力量，亦即自己思维的此岸性。”这一论断说明了实践是检验认识是否具有真理性的唯一标准。,正确,错误,,,,A,中,单选题
22348,在生产关系中，生产资料的所有制关系是最基本的，是区分不同生产方式、判定社会经济结构性质的客观依据。,正确,错误,,,,A,中,单选题
22350,人类实践活动提出的问题归根结底只能依靠和通过实践来解决。,正确,错误,,,,A,中,单选题
22351,阶级斗争是实现社会形态更替的重要手段和决定性环节。,正确,错误,,,,B,中,单选题
22355,尊重客观规律是发挥主能动性的前提。,正确,错误,,,,A,中,单选题
22362,划分阶级的主要标志是各种社会集团在国家政权中的不同地位。,正确,错误,,,,B,中,单选题
22365,“社会形态的发展是一种自然历史过程”这一命题的根据是社会与自然一样，其发展是不以人的意志为转移的客观过程。,正确,错误,,,,A,中,单选题
22368,承认了世界的可知性，也就是承认了绝对真理。,正确,错误,,,,A,中,单选题
22370,"垄断价格是垄断资本家凭借垄断地位制定的,因而否定了价值规律",正确,错误,,,,B,中,单选题
22373,人们的历史选择性否定了社会形态的统一性。,正确,错误,,,,B,中,单选题
22378,社会劳动生产率的提高可导致单位时间内生产的商品数量和价值量增加,正确,错误,,,,B,中,单选题
22379,政治条件对人民群众的创造活动具有直接的影响。,正确,错误,,,,A,中,单选题
22385,历史主体的选择性活动是一个合目的性与合规律性相统一的过程。,正确,错误,,,,A,中,单选题
22386,“时势造英雄”和“英雄造时势”，前者是历史唯物主义，后者是历史唯心主义。,正确,错误,,,,A,中,单选题
22394,人民群众的总体意愿和行动代表了历史发展的方向，人民群众的社会实践最终决定历史发展的结局。,正确,错误,,,,A,中,单选题
22413,经济基础与上层建筑矛盾运动规律，就是上层建筑一定要适合经济基础状况的规律。,正确,错误,,,,A,中,单选题
22423,跨国公司的迅速发展是生产国际化和资本国际化的根本原因,正确,错误,,,,B,中,单选题
22430,提高劳动生产率可以增加单位时间里的使用价值和价值量,正确,错误,,,,B,中,单选题
22436,资本家改进技术的目的，是获取相对剩余价值。,正确,错误,,,,B,中,单选题
22441,生产集中发展到一定阶段，就会自然而然走向垄断,正确,错误,,,,A,中,单选题
22442,社会形态更替是前进性与曲折性、渐进性与跨越性的统一。,正确,错误,,,,A,中,单选题
22444,经济全球化就是经济关系的国际化。,正确,错误,,,,B,中,单选题
22450,马克思主义认为，阶级产生的直接原因是生产资料私有制的形成。,正确,错误,,,,A,中,单选题
22454,黑格尔的辩证法和费尔巴哈的唯物主义相加就是马克思主义哲学。,正确,错误,,,,B,中,单选题
22457,“学而不思则罔”是指理性认识是对事物的正确反映。,正确,错误,,,,B,中,单选题
22460,恩格斯说“人的智力是按人如何学会改造自然界而发展的”，这句话说明人具有改造世界的能力。,正确,错误,,,,B,中,单选题
22469,唯物史观关于人民群众是历史创造者的原理，是无产阶级政党的群众观点和群众路线的理论基础。,正确,错误,,,,A,中,单选题
22476,“一言可以兴邦，一言可以丧邦”，英雄人物的意志可以改变历史发展的方向，这种观点是夸大个人作用的唯心史观,正确,错误,,,,A,中,单选题
22487,商品价值量的大小与劳动生产率成正比,正确,错误,,,,B,中,单选题
22489,社会形态是经济形态和文化形态的统一 。,正确,错误,,,,B,中,单选题
22499,人道主义是马克思主义的最崇高的社会理想。,正确,错误,,,,B,中,单选题
22500,意识的真正源泉不是人脑而是外部世界。,正确,错误,,,,A,中,单选题
22507,人的最根本特性是其自由属性。,正确,错误,,,,B,中,单选题
22515,列宁的物质定义揭示了物质的唯一特性是客观实在性,正确,错误,,,,A,中,单选题
22525,劳动力商品使用价值的特点，是能创造出超过自身价值的价值，即剩余价值。,正确,错误,,,,B,中,单选题
22526,肯定了实践标准的客观性和唯一性，也就必须承认实践标准的确定性、绝对性。,正确,错误,,,,A,中,单选题
22528,上层建筑对经济基础的反作用，可能是积极的、进步的，也可能是消极的、衰退的。,正确,错误,,,,A,中,单选题
22532,一般来说，提高劳动生产率可以增加单位时间生产的商品数量和单位商品的价值量。,正确,错误,,,,B,中,单选题
22535,社会主义必然代替资本主义的主要依据是无产阶级与资产阶级斗争尖锐化,正确,错误,,,,B,中,单选题
22536,垄断是在自由竞争基础上产生的，因此垄断统治形成后可以消除竞争,正确,错误,,,,B,中,单选题
22542,商品的价值量是由生产商品时耗费的劳动时间决定的,正确,错误,,,,A,中,单选题
22549,在人们的社会物质生活条件中，生产力是社会历史发展的决定力量。,正确,错误,,,,B,中,单选题
22554,人们自己创造自己的历史，社会发展不过是人的实践活动在时间和空间中展开的过程。,正确,错误,,,,A,中,单选题
22560,“观念的东西不外是移入人脑并在人的头脑中改造过的物质的东西而已”。,正确,错误,,,,A,中,单选题
22564,实践性是马克思主义哲学区别于旧哲学的最显著的特点。,正确,错误,,,,A,中,单选题
22567,人的全面发展就是个人需要的全面发展。,正确,错误,,,,B,中,单选题
22568,经济基础是社会发展的最终决定力量。,正确,错误,,,,B,中,单选题
22573,市场经济条件下，经济运行的失衡主要表现为过剩。,正确,错误,,,,A,中,单选题
22577,无产阶级革命和自身解放同社会发展规律、人类的彻底解放的必然趋势是完全一致的。,正确,错误,,,,A,中,单选题
22578,实践之所以是检验真理的唯一标准是由真理的本性和实践的特点决定的。,正确,错误,,,,A,中,单选题
22579,资本是以货币、生产资料等形式存在的，因此，一切货币和生产资料都是资本,正确,错误,,,,B,中,单选题
22582,时势造英雄,正确,错误,,,,A,中,单选题
22583,商品的二因素是具体劳动和抽象劳动,正确,错误,,,,B,中,单选题
22592,鬼神观念和错误的认识也是客观世界的反映。,正确,错误,,,,A,中,单选题
22599,改革是一场新的革命，就经济体制改革而言就是要否定和抛弃原来的经济体制,正确,错误,,,,B,中,单选题
22606,上层建筑对经济基础的能动作用在于它为自己的经济基础服务，它要促进自己经济基础的形成、巩固和发展，它要排除自己经济基础的对立物。,正确,错误,,,,A,中,单选题
22607,建设中国特色社会主义是中华民族走向共产主义的必由之路。,正确,错误,,,,A,中,单选题
22609,生产力范畴反映的是人与社会之间的关系。,正确,错误,,,,B,中,单选题
22610,社会活动参杂了人的主观意识活动，所以社会规律不可能是客观的。,正确,错误,,,,B,中,单选题
22613,具体劳动和抽象劳动是不同劳动过程的两个方面,正确,错误,,,,B,中,单选题
22615,阶级斗争是社会发展的根本动力。,正确,错误,,,,B,中,单选题
22619,马克思说生产力里面包括科学在内，因此科学是生产力的实体性和独立要素,正确,错误,,,,B,中,单选题
22620,唯物主义的认识论是能动的反映论,正确,错误,,,,B,中,单选题
22621,现实的人及其活动是社会历史存在和发展的前提。,正确,错误,,,,A,中,单选题
22635,国家政权、社会意识形态、社会风俗习惯都属于上层建筑。,正确,错误,,,,B,中,单选题
22638,主体和客体的关系，从根本上说就是认识关系。,正确,错误,,,,B,中,单选题
22656,社会存在是社会生活的物质方面，主要是指物质生活资料的生产及生产方式，也包括地理环境和人口因素。,正确,错误,,,,A,中,单选题
22667,国家政权从反动阶级手里转移到革命阶级手里，是实现社会形态变革的首要的、基本的标志。,正确,错误,,,,A,中,单选题
22668,人的认识的任务，就在于不断地克服主观和客观、认识和实践之间的矛盾，求得它们之间的具体的历史的统一。,正确,错误,,,,A,中,单选题
22673,认识的反复性原因只是因为人们总是受到自己认识能力和实践活动范围的限制。,正确,错误,,,,B,中,单选题
22675,生产力与生产关系之间的不断更新的矛盾运动，推动着人类社会由低级向高级的发展,正确,错误,,,,A,中,单选题
22679,社会的基本结构有物质经济结构和社会观念结构。,正确,错误,,,,B,中,单选题
22681,客体是指实践和认识活动所指向的对象。,正确,错误,,,,A,中,单选题
22682,哲学的基本问题是唯物主义和唯心主义的关系问题,正确,错误,,,,B,中,单选题
22692,历史观的基本问题是生产力与生产关系的关系问题。,正确,错误,,,,B,中,单选题
22697,垄断价格是垄断资本家凭借垄断地位制定的，因而否定了价值规律,正确,错误,,,,B,中,单选题
22702,经济水平相对落后的国家和地区，其社会意识的某些方面也会落后于经济发达的国家和地区。,正确,错误,,,,B,中,单选题
22703,有人认为，一些国家从社会主义经济制度改变为资本主义经济制度，说明社会主义取代资本主义已经不是人类社会的必然规律了,正确,错误,,,,B,中,单选题
22704,所谓认识过程，就是人们在改造对象的实践中辩证地反映对象的过程。,正确,错误,,,,A,中,单选题
22713,能动反映论与消极反映论的根本对立在于是否承认实践是认识的基础和认识的能动性。,正确,错误,,,,A,中,单选题
22718,资本积聚可以使个别资本的规模迅速扩大。,正确,错误,,,,B,中,单选题
22719,质变是事物连续性的中断，即间断性。,正确,错误,,,,A,中,单选题
22723,列宁得出社会主义可能在一国或数国首先取得胜利的结论依据是资本主义国家无产阶级与资产阶级斗争的规律,正确,错误,,,,B,中,单选题
22726,社会主义国家解决民族问题的根本任务是实现民族平等，加强民族团结,正确,错误,,,,B,中,单选题
22728,马克思主义的物质观体现了唯物论和辩证法的统一。,正确,错误,,,,A,中,单选题
22733,没有革命的理论就没有革命的运动。,正确,错误,,,,A,中,单选题
22737,社会化大生产基本规律是依靠剩余价值规律的调节作用来实现的。,正确,错误,,,,B,中,单选题
22745,对立统一规律是唯物辩证法的实质和核心,正确,错误,,,,A,中,单选题
22763,辩证唯物主义与历史唯物主义是无产阶级认识世界和改造世界的思想武器。,正确,错误,,,,A,中,单选题
22770,马克思主义与时俱进的理论品质是与遵循客观规律相违背的。,正确,错误,,,,B,中,单选题
22772,把人与动物区别开来的决定性因素是人的劳动。,正确,错误,,,,A,中,单选题
22773,垄断资本能够规定垄断价格，因此价值规律不起作用,正确,错误,,,,B,中,单选题
22787,认识世界的目的是为了改造世界。,正确,错误,,,,A,中,单选题
22792,矛盾的共性和个性、绝对和相对的道理，是关于事物矛盾问题的精髓，是正确理解矛盾学说的关键。,正确,错误,,,,A,中,单选题
22798,马克思主义是由一系列的基本理论、基本观点和基本方法构成的科学体系，它是一个完整的整体。,正确,错误,,,,A,中,单选题
22808,马克思主义生命力的根源在于以实践为基础的科学性与革命性的统一。,正确,错误,,,,A,中,单选题
22813,价值观不同的人们，行为的取向也会不同，甚至可能截然相反。,正确,错误,,,,A,中,单选题
22814,共产主义社会是建立在高度发达的生产力基础之上的。所以，只要生产力高度发达就可以直接进入共产主义社会。,正确,错误,,,,B,中,单选题
22817,并非所有的现象都表现本质，偶然的、零碎的、稍纵即逝的现象就无本质可言。,正确,错误,,,,B,中,单选题
22821,资产阶级国家的收入调节政策主要内容就是提高工资，改善贫困阶层的生活水平,正确,错误,,,,B,中,单选题
22835,"“有无相生,前后相随”体现了质量互变规律。",正确,错误,,,,B,中,单选题
22836,“此亦一是非，彼亦一是非”的命题，其含义是否认真理的客观性。,正确,错误,,,,B,中,单选题
22838,如果人类不保持自身与自然的和谐统一，那就会危及自身的生存发展。,正确,错误,,,,A,中,单选题
22845,社会形态是同生产力发展一定阶段相适应的经济基础与上层建筑的统一体。,正确,错误,,,,A,中,单选题
22855,科学性、实用性、超阶级性是马克思主义哲学的本质特征。,正确,错误,,,,B,中,单选题
22856,有人认为，只有感性经验才是可靠的，抽象的理论是不可靠的，这在认识论上犯了形而上学的错误。,正确,错误,,,,B,中,单选题
22866,真理和价值在认识和实践中是是相互制约.相互引导.相互促进的。,正确,错误,,,,A,中,单选题
22873,旧唯物主义把认识看成是消极、被动地反映和接受外界对象。它有两个严重的缺陷：一是离开实践考察认识问题；二是不了解认识的辩证性质。,正确,错误,,,,A,中,单选题
22890,价格围绕价值上下波动违背了价值规律,正确,错误,,,,B,中,单选题
22893,在同一社会形态的发展中，社会基本矛盾通常是通过阶级斗争来解决的。,正确,错误,,,,B,中,单选题
22896,虽然商品的价值量与劳动生产率成反比，但不管劳动生产率发生了怎样的变化，相同的时间内生产的产品价值总量是不变的。,正确,错误,,,,A,中,单选题
22899,没有运动的物质和没有物质的运动同样是不可设想的,正确,错误,,,,A,中,单选题
22901,实践观点是马克思主义认识论的首要的和基本的观点。,正确,错误,,,,A,中,单选题
22904,人的本质在其现实性上是一切社会关系的总和，这表明人的本质是后天形成的、变化的、现实的和具体的,正确,错误,,,,A,中,单选题
22906,感性认识有三种形式：感觉、推理、表象。,正确,错误,,,,B,中,单选题
22909,生产力是社会发展的最终力量，因而，社会的性质和面貌直接取决于生产力的发展状况,正确,错误,,,,B,中,单选题
22925,遵循真理尺度，就是通常我们所说的“按科学规律办事”。,正确,错误,,,,A,中,单选题
22934,工人给资本家做工，资本家付给工人工资，工人劳动一天得到一天工资，因此工资是工人劳动的价值或价格,正确,错误,,,,B,中,单选题
22942,唯心主义都认为世界是人的主观意识的产物。,正确,错误,,,,B,中,单选题
22943,上层建筑对经济基础的反作用，集中表现在：为自己的经济基础的形成和巩固服务，确立或维护其在社会中的统治地位。,正确,错误,,,,A,中,单选题
22949,生产力的基本要素包括：劳动资料、科学技术和劳动者。,正确,错误,,,,B,中,单选题
22952,否认认识是人脑对客观世界的反映是唯物主义认识论的观点。,正确,错误,,,,B,中,单选题
22954,马克思主义的内容涵盖了社会的政治、经济、文化、军事、历史和人类社会发展与自然界的关系等诸多领域和各个方面，是最完整和最全面的思想体系。,正确,错误,,,,B,中,单选题
22955,劳动力的买卖并不违反价值规律,正确,错误,,,,A,中,单选题
22958,在真理标准问题上坚持辩证法，就是承认实践标准既是确定的又是不确定的。,正确,错误,,,,A,中,单选题
22963,新出现的事物就是新生事物,正确,错误,,,,B,中,单选题
22964,唯物辩证法的根本方法是矛盾分析法,正确,错误,,,,A,中,单选题
22968,社会革命是先进阶级推翻反动阶级的国家政权的斗争。,正确,错误,,,,A,中,单选题
22969,把经过实践证实的理论看成绝对真理，并当成检验其他一切认识真理性的标准，这是一种相对主义论辩论的观点。,正确,错误,,,,B,中,单选题
22970,“所谓‘社会主义社会’不是一种一成不变的东西，而应当和任何其他社会制度一样，把它看成是经常变化和改革的社会。”,正确,错误,,,,A,中,单选题
22986,世界统一于物质是马克思主义哲学的基石，一切从实际出发是唯物主义一元论的根本要求。,正确,错误,,,,A,中,单选题
22992,无产阶级解放斗争的最终目标是建立无产阶级专政的国家政权。,正确,错误,,,,B,中,单选题
22993,把握量是认识事物的起点，把握质是认识事物的深化。,正确,错误,,,,A,中,单选题
22995,认识过程中主观和客观的具体的统一是指主观认识同特定的历史发展阶段的客观实践相适应。,正确,错误,,,,B,中,单选题
22996,民主集中制是马克思主义政党的组织原则。,正确,错误,,,,A,中,单选题
22998,科学活动中，为了客观公正地观察和分析事实材料，避免“带着有色眼镜看问题”，应当排除头脑中已有的理论认识的指导，使人们在观察中对一切已有的理论持“中立态度”,正确,错误,,,,B,中,单选题
23005,价值是一般人类劳动的凝结，所以，商品生产者的技术水平低，管理落后，生产商品所花费的劳动大，单位商品的价值量就大。,正确,错误,,,,B,中,单选题
23010,批判性是马克思主义生命力的源泉。,正确,错误,,,,B,中,单选题
23017,辩证唯物主义和旧唯物主义都坚持反映论，认为认识是主体对客体的反映。,正确,错误,,,,A,中,单选题
23021,社会存在是指生产力各要素的总和。,正确,错误,,,,B,中,单选题
23027,马克思恩格斯从来都坚持认为，无产阶级的历史地位和阶级性决定了它只能通过暴力革命来推翻资本主义统治,正确,错误,,,,B,中,单选题
23028,工人阶级在社会主义建设中的领导作用是自发实现的,正确,错误,,,,B,中,单选题
23038,当马克思恩格斯展望未来社会时，总是只限于指出未来社会发展的方向、原则和基本特征。,正确,错误,,,,A,中,单选题
23044,在共产主义社会，由于社会生产力的巨大发展，工业与农业的差别、城市与乡村、脑力劳动与体力劳动的差别--“三大差别”必然归于消失。,正确,错误,,,,A,中,单选题
23045,矛盾的普遍性和特殊性的关系是整体和部分的关系。,正确,错误,,,,B,中,单选题
23048,辩证思维方法从抽象上升到具体的过程是在思维中再现具体，形成“多种规定的统一”的过程。,正确,错误,,,,A,中,单选题
23056,“从生动的直观到抽象的思维，并从抽象的思维到实践，这就是认识真理、认识客观实在的辩证途径。”,正确,错误,,,,A,中,单选题
23062,商品经济经历了小商品经济、简单商品经济和发达商品经济三个阶段。,正确,错误,,,,B,中,单选题
23076,在共产主义社会里，劳动已经不是谋生的手段，而是人们生活的第一需要。,正确,错误,,,,A,中,单选题
23080,人的活动的辩证法和客观事物的辩证性是统一的。,正确,错误,,,,A,中,单选题
23082,社会总产品的实现问题是社会资本再生产的核心问题,正确,错误,,,,A,中,单选题
23086,“在科学上没有平坦的大道，只有不畏劳苦沿着陡峭山路攀登的人，才有希望到达光辉的顶点。”这句话强调了实践是科学发展的根本动力。,正确,错误,,,,B,中,单选题
23096,对于自发的工人运动，马克思主义者不应该采取轻视，傲慢的态度，而应该采取积极参加、教育和引导的方针,正确,错误,,,,A,中,单选题
23107,矛盾的共性和个性的辩证关系是关于矛盾问题的精髓。,正确,错误,,,,A,中,单选题
23110,“未有天地之先，毕竟也只是理。”这句话属于主观唯心主义观点。,正确,错误,,,,B,中,单选题
23117,意识对物质的能动作用表明人的实践活动是不受客观规律制约的。,正确,错误,,,,B,中,单选题
23124,全部哲学，特别是近代哲学的重大的基本问题，是思维和存在的关系问题。,正确,错误,,,,A,中,单选题
23126,无产阶级夺取政权的根本目的是实现共产主义,正确,错误,,,,B,中,单选题
23127,社会形态是生产力和生产关系的集合体。,正确,错误,,,,B,中,单选题
23140,社会革命是阶级斗争的最高形式，是社会形态的质变。,正确,错误,,,,A,中,单选题
23144,超额剩余价值是全社会劳动生产力提高而获得的,正确,错误,,,,B,中,单选题
23156,政治法律思想、道德、艺术、宗教、哲学等属于非上层建筑的意识形式。,正确,错误,,,,B,中,单选题
23157,从实践到认识的过程，认识采取了感性认识和理性认识两种形式，并经历了由前者到后者的能动地飞跃。,正确,错误,,,,A,中,单选题
23159,思维和存在的关系问题是全部哲学，特别是近代哲学的重大的基本问题,正确,错误,,,,A,中,单选题
23163,经济基础对上层建筑的决定作用，主要表现在经济基础决定上层建筑是否具有反作用，经济基础决定上层建筑是否包括自然科学。,正确,错误,,,,B,中,单选题
23166,人民群众既是历史的“剧中人”，又是历史的“剧作者”。,正确,错误,,,,A,中,单选题
23171,人们不能自由选择生产力，因而人类历史是自然而然发生的,正确,错误,,,,B,中,单选题
23182,世界的统一性原理是马克思主义哲学的基石。,正确,错误,,,,B,中,单选题
23196,书本知识能够代替直接实践经验。,正确,错误,,,,B,中,单选题
23205,一个正确的认识需要经过多次反复才能完成，整个人类的认识是理论与实践的统一。,正确,错误,,,,B,中,单选题
23207,坚持马克思主义就是要完全、彻底地把马克思主义经典作家的理论贯彻下去，不允许一丝一毫的修改,正确,错误,,,,B,中,单选题
23210,阶级斗争是社会基本矛盾在阶级社会中的表现，是阶级对立社会发展的直接动力。,正确,错误,,,,A,中,单选题
23213,真理永远处在由相对向绝对的转化和发展中，这是真理发展的规律。,正确,错误,,,,A,中,单选题
23217,上层建筑对社会发展的促进作用取决于被服务的经济基础是否适应社会生产力发展的需要。,正确,错误,,,,A,中,单选题
23218,庄子说：“方生方死，方死方生，方可方不可，方不可方可。”这是一种绝对主义的观点,正确,错误,,,,B,中,单选题
23225,人类活动的“两个尺度”是真理与价值,正确,错误,,,,A,中,单选题
23229,和谐是矛盾一种特殊表现形式，体现着矛盾双方的相互依存、相互促进、共同发展。,正确,错误,,,,A,中,单选题
23230,社会意识对社会存在的能动的反作用，是社会意识相对独立性的突出表现。,正确,错误,,,,A,中,单选题
23234,垄断价格是垄断组织规定的市场价格，它的出现使价值规律等价交换原则受到破坏,正确,错误,,,,A,中,单选题
23241,既承认社会形态发展的客观规律性又承认人的活动的历史作用，属于折衷主义观点。,正确,错误,,,,B,中,单选题
23254,科学技术的社会作用具有双重性。,正确,错误,,,,A,中,单选题
23263,垄断价格并不违背价值规律，只是改变了价值规律发生作用的形式,正确,错误,,,,A,中,单选题
23266,马克思主义哲学的创立是哲学史上的伟大变革，其关键就在于，它以科学的实践观为基础，正确地解决了人与自然、人与社会既人与世界的关系，从而实现了唯物论和辩证法、唯物主义自然观和历史观的统一。,正确,错误,,,,A,中,单选题
23270,唯物主义者是可知论者，唯心主义者是不可知论者,正确,错误,,,,B,中,单选题
23272,承认真理是客观的，这是真理问题上的唯物论。真理又是绝对的和相对的，这是真理问题上的辩证法。,正确,错误,,,,A,中,单选题
23275,经济文化相对落后的国家可以先于资本主义国家进入社会主义，其根本原因是由于社会主义生产关系可以在旧社会的内部孕育生长起来。,正确,错误,,,,B,中,单选题
23282,劳动形成了人类的社会关系。,正确,错误,,,,A,中,单选题
23290,联系和发展是唯物辩证法的总特征，也是辩证法和形而上学对立的焦点。,正确,错误,,,,B,中,单选题
23297,资本原始积累是生产者和生产资料分离的历史过程。,正确,错误,,,,A,中,单选题
23299,加快资本周转可带来更多剩余价值，表明流通过程也可产生剩余价值,正确,错误,,,,B,中,单选题
23309,剩余价值不在流通中产生，又不能离开流通而产生。,正确,错误,,,,A,中,单选题
23315,19世纪40-60年代，马克思恩格斯创立了辩证唯物主义和劳动价值论，实现了人类思想史上的伟大的革命。,正确,错误,,,,A,中,单选题
23326,产业资本、商业资本和借贷资本共同参与平均利润率的形成,正确,错误,,,,B,中,单选题
23328,“对自然界的一切真实的认识，都是对永恒的认识、对无限的东西的认识，因而本质上是绝对的。”,正确,错误,,,,A,中,单选题
23348,相对静止是物质运动的特殊状态。,正确,错误,,,,A,中,单选题
23351,群众和英雄共同创造历史,正确,错误,,,,B,中,单选题
23354,无产阶级的科学世界观和方法论是辩证唯物主义和历史唯物主义。,正确,错误,,,,A,中,单选题
23357,从自由资本主义过渡到垄断资本主义，社会基本矛盾从缓和逐步变得愈加剧烈。,正确,错误,,,,B,中,单选题
23359,历史人物分为杰出人物和反动人物，杰出人物是特指代表劳动人民利益的理论家。,正确,错误,,,,B,中,单选题
23376,自在世界是客观的，人类世界是主观的。,正确,错误,,,,B,中,单选题
23384,唯物主义是一元论，唯心主义是二元论,正确,错误,,,,B,中,单选题
23395,社会生活是复杂的，因此决定社会性质和社会发展的要素是多元的,正确,错误,,,,B,中,单选题
23397,凡是有使用价值的东西就一定有价值。,正确,错误,,,,B,中,单选题
23415,人的活动的目的能否实现，取决于人的动机是否善良，意志是否坚强。,正确,错误,,,,B,中,单选题
23418,主体是指具有思维能力、从事社会实践和认识活动的人。,正确,错误,,,,A,中,单选题
23419,从马克思主义的阶级属性讲，它是无产阶级争取自身解放的科学理论，是关于整个人类阶级斗争的性质、目的和解放条件的学说。,正确,错误,,,,B,中,单选题
23425,地理环境和人口因素能决定社会的性质和社会形态的更替。,正确,错误,,,,B,中,单选题
23426,由于历史唯物主义强调生产方式在人类历史变迁和社会发展中的最终决定作用，因此，它是一种经济决定论,正确,错误,,,,B,中,单选题
23434,人的一切认识都是从直接经验发源的，而直接经验则是人们亲身实践的产物。,正确,错误,,,,A,中,单选题
23437,如果离开了社会实践，抽去社会性这一环节，人与自然的关系就变成了动物与自然的关系。,正确,错误,,,,A,中,单选题
23443,自由王国是指人们不再受自然规律和社会规律支配的状态,正确,错误,,,,B,中,单选题
23444,全国人民代表大会、监狱、法院和哲学都属于上层建筑。,正确,错误,,,,A,中,单选题
23456,受聘于外资企业的管理技术人员不属于我国现阶段人民群众范畴。,正确,错误,,,,B,中,单选题
23462,“谎言重复一百遍就成为真理”就是说谬误可以转化为真理,正确,错误,,,,B,中,单选题
23469,辩证唯物主义全面地揭示了认识过程的辩证性质，把认识看成是由不知到知、由浅入深的充满矛盾的能动的认识过程。,正确,错误,,,,A,中,单选题
23470,社会革命的根本问题是国家政权问题,正确,错误,,,,A,中,单选题
23478,生产力和生产关系的矛盾的最终解决还有赖于经济基础和上层建筑的矛盾解决。,正确,错误,,,,A,中,单选题
23479,一切阶级斗争，归根结底都是围绕着国家政权这个轴心展开的。,正确,错误,,,,B,中,单选题
23492,当事物处于量变状态时是不进行质变的。,正确,错误,,,,B,中,单选题
23498,从马克思主义的创造者、继承者的认识成果讲，它是由马克思恩格斯创立的，而由其后各个时代、各个民族的马克思主义者按其意愿不断创新的学说的体系。,正确,错误,,,,B,中,单选题
23500,改革是解决社会基本矛盾的主要方式之一，是推动社会发展特别是社会形态更替的重要动力。,正确,错误,,,,B,中,单选题
23508,人的意识不仅能够反映世界，而且能够创造世界。,正确,错误,,,,A,中,单选题
23513,生产方式是社会基本矛盾运动中最基本的动力因素，是人类社会发展和进步的最终决定力量。,正确,错误,,,,B,中,单选题
23523,人们解决社会同自然矛盾的实际能力如何，主要取决于劳动者的质量和数量，而劳动者是区分社会经济时代的客观依据。,正确,错误,,,,B,中,单选题
23525,社会存在决定社会意识，因此，社会经济发展水平越高，思想理论水平也越高。,正确,错误,,,,B,中,单选题
23534,无产阶级和资产阶级的对立和斗争，是资本主义基本矛盾在阶级关系上的表现,正确,错误,,,,A,中,单选题
23545,人的认识过程是理性因素和非理性因素协同起作用的结果。,正确,错误,,,,A,中,单选题
23548,社会革命适用于解决现存的社会基本制度问题，而社会改革则适用于解决旧的社会体制。,正确,错误,,,,A,中,单选题
23564,认识的本质是主体对客体的直观反映。,正确,错误,,,,B,中,单选题
23573,无产阶级专政的国家政权的阶级基础是工人阶级,正确,错误,,,,B,中,单选题
23580,在辩证思维中，从抽象到具体的过程就是理论到实践的过程,正确,错误,,,,B,中,单选题
23583,物质的根本属性是客观实在性。,正确,错误,,,,B,中,单选题
23590,形式逻辑学、哲学、美学以及法学都社会意识形式属于上层建筑。,正确,错误,,,,B,中,单选题
23599,重点论内在地包含着两点论。,正确,错误,,,,A,中,单选题
23611,人的衰老是一个逐渐的过程，因此一个人从幼年到老年仅仅是一个量变的过程。,正确,错误,,,,B,中,单选题
23614,在人们创造历史的活动中，谋事在人，成事在天,正确,错误,,,,B,中,单选题
23615,事物发展的周期性表明事物的变化就是不断的重复。,正确,错误,,,,B,中,单选题
23619,空想社会主义的思想是科学社会主义的直接思想来源，因为三大空想社会主义者的社会历史观基本上是唯物主义的,正确,错误,,,,B,中,单选题
23622,人类的认识活动从总体上讲是为了获得真理，并用真理指导实践，以取得实践的成功。（,正确,错误,,,,A,中,单选题
23625,实践是人的存在方式。,正确,错误,,,,A,中,单选题
23626,马克思主义就是马克思和恩格斯创立的基本理论、观点和方法构成的科学体系。,正确,错误,,,,B,中,单选题
23628,历史人物对历史发展有深刻的影响，其活动不受社会发展客观规律的限制，能决定和改变历史发展的总进程和总方向。,正确,错误,,,,B,中,单选题
23632,适应社会生产力发展的要求，国家垄断资本主义突破了私人垄断资本的局限性，因此，它具有社会主义的本质,正确,错误,,,,B,中,单选题
23636,认识的起点是感觉，这是唯物论和唯心论都可以承认的观点,正确,错误,,,,A,中,单选题
23641,感性认识与理性认识的根本区别在于感性认识产生于日常生活，理性认识产生于科学实验。,正确,错误,,,,B,中,单选题
23649,实践并非是人所独有的活动。,正确,错误,,,,B,中,单选题
23651,价值规律的自发调节是有缺陷的。,正确,错误,,,,A,中,单选题
23658,英雄史观主张人的意识对社会存在具有能动作用。,正确,错误,,,,B,中,单选题
23660,生产力与生产关系矛盾运动规律，就是生产力一定要适合生产关系状况的规律。,正确,错误,,,,B,中,单选题
23670,社会改革和革命没有根本差别，因为它也是解放生产力。,正确,错误,,,,B,中,单选题
23671,马克思主义公开问世的标志性著作是《德意志意识形态》。,正确,错误,,,,B,中,单选题
23690,否定就是新旧事物之间“一刀两断”,正确,错误,,,,B,中,单选题
23693,马克思主义政治经济学是对英国古典政治经济学的继承,正确,错误,,,,B,中,单选题
23694,在真理标准问题上主张“公说公有理，婆说婆有理”的是旧唯物论的观点,正确,错误,,,,B,中,单选题
23695,人类社会发展的一般规律是社会存在和社会意识的矛盾规律。,正确,错误,,,,B,中,单选题
23700,实事求是是马克思主义的活的灵魂。,正确,错误,,,,B,中,单选题
23702,发展的实质是新事物的产生和旧事物的灭亡,正确,错误,,,,A,中,单选题
23713,人类社会发展的基本规律就是指生产力与生产关系矛盾运动规律。,正确,错误,,,,B,中,单选题
23714,矛盾是一切事物发展的动力。,正确,错误,,,,A,中,单选题
23715,马克思对阶级斗争学说的新贡献是论证了阶级的存在与生产发展的一定历史阶段相联系，说明阶级斗争必然导致无产阶级专政。,正确,错误,,,,A,中,单选题
23732,科学技术是社会进步的根本内容，是衡量社会进步的根本尺度。,正确,错误,,,,B,中,单选题
23741,资本主义经济危机的实质是生产相对过剩,正确,错误,,,,A,中,单选题
23750,具体问题具体分析是马克思主义的活的灵魂。,正确,错误,,,,A,中,单选题
